lumpiness,entropy,ACF1,lshift,vchange,cpoints,fspots,linearity,curvature,spikiness,KLscore,change.idx
1.234883768,0.922467588,0.424191628,1.179597422,2.010512343,348,56,0.015599412,-4.07E-11,3.35E-06,57.78301334,454
1.482479369,0.858864142,0.71681811,1.3353196,0.860138922,253,12,-0.041320512,1.07E-10,4.06E-06,27.52393907,244
2.696645561,0.872626751,0.704265584,1.315686795,1.165039193,363,347,0.029610026,-8.39E-11,2.06E-06,146.8577461,1281
0.334118399,0.880552052,0.623913566,1.213382069,1.088850131,268,7,-0.047654408,2.08E-10,1.94E-06,19.97470294,701
1.754481477,0.765568095,0.876575687,1.491113405,1.256514035,138,53,0.011461131,1.13E-10,6.64E-06,70.46610636,399
8.537475772,0.795405451,0.864849816,1.598316096,0.999546444,160,280,0.032831204,1.51E-10,3.21E-06,284.5025938,1346
0.540234933,0.900713958,0.563040303,1.047149164,0.926662665,323,15,0.51294958,6.22E-11,2.30E-06,8.644182896,394
0.705122658,0.788837347,0.874260433,1.400299409,0.909681142,84,13,0.130180979,2.04E-10,3.53E-06,66.18585457,528
3.141243997,0.801341539,0.866218335,1.71077138,1.187163588,84,56,0.134500319,2.58E-10,1.89E-06,301.8354066,1574
0.575223191,0.90299465,0.563904094,1.104838078,0.793530143,165,37,0.181105403,3.04E-10,2.36E-06,13.67709361,631
0.833154422,0.768339929,0.880363364,1.869287051,0.99725743,178,13,-0.55371342,-1.03E-09,2.37E-06,38.90674068,584
1.098213224,0.823138503,0.833723892,1.513198747,1.166477021,489,13,-0.528168595,-2.45E-09,1.01E-06,117.8940337,1608
0.464872758,0.846333704,0.811296545,1.603026754,1.223895349,174,20,0.608694118,-1.85E-10,2.19E-06,15.52802378,987
0.251716662,0.689974742,0.960155103,1.906022748,0.908068015,93,11,-0.322085492,-4.07E-10,1.82E-06,30.36801391,414
0.679128576,0.746453584,0.943024635,1.626164062,0.950725897,276,32,-0.155284533,-1.90E-09,8.66E-07,138.0812478,1438
0.59611628,0.823666602,0.830762533,1.565437505,1.317456569,180,13,-0.111042949,-1.47E-10,1.97E-06,40.30525588,789
0.478344576,0.759610255,0.916710024,1.966665493,1.128689723,124,14,0.172519188,-3.90E-11,1.89E-06,25.3019673,842
0.890768182,0.777319327,0.912255541,1.628844841,1.068667736,218,59,0.026995813,5.70E-10,1.04E-06,183.9197455,1866
0.650631845,0.87159131,0.683794354,1.382607785,0.876026414,272,15,-0.062382534,-1.56E-10,2.27E-06,14.24880499,346
3.55843085,0.787061226,0.850061507,1.184194002,0.691042419,150,25,0.025352562,6.65E-11,5.74E-06,114.6345267,223
4.942276045,0.790236283,0.846407536,1.323958028,1.141604793,178,212,-0.026651565,1.41E-10,2.96E-06,354.0268178,1225
0.504474421,0.890932122,0.584722295,1.427165131,0.912710981,302,7,0.234996346,-2.09E-09,1.80E-06,15.17334816,935
0.500912404,0.751228303,0.906002204,1.681650234,0.932711647,139,11,0.159897296,1.01E-10,2.14E-06,26.25861435,397
1.829446551,0.788735252,0.889948729,1.758417287,1.138731003,453,12,0.186456547,2.97E-10,1.16E-06,210.8797871,1421
1.690471029,0.841599802,0.694431733,1.222460434,1.519913613,211,87,0.06908446,6.32E-11,4.40E-06,32.56802686,435
1.742369921,0.738861902,0.842309844,1.070600574,1.284540106,195,16,0.006886334,-7.92E-11,3.67E-06,33.8762988,564
3.535895965,0.767733651,0.821221525,1.229313694,1.369047903,419,65,-0.029345398,-8.95E-11,1.52E-06,125.5812017,1588
26.66548134,0.837510931,0.653576229,0.733361452,0.505386516,18,50,0.138237436,-1.67E-10,3.93E-05,88.11498961,87
1.911662921,0.859485562,0.659079604,1.247488674,1.552107412,288,12,-0.056310973,-4.80E-11,3.84E-06,31.89885718,164
10.59254862,0.87482642,0.656589678,1.422893106,1.287693691,82,50,0.05094173,-4.89E-10,4.10E-06,78.11303316,87
6.236959305,0.833560084,0.703009229,0.931688315,1.929900736,178,62,-0.006979865,1.02E-11,9.14E-06,132.4960916,107
1.898383185,0.817234971,0.826969422,1.150712034,0.843845334,216,21,-0.023744205,-7.16E-11,4.52E-06,36.28034359,441
3.689755607,0.836225143,0.804036421,1.071362744,1.072238372,389,61,-0.031190006,-8.73E-11,1.75E-06,95.37327722,1394
1.797519597,0.87777088,0.4530873,1.271604576,1.255312168,172,11,-0.061309538,-5.28E-11,3.83E-06,14.47681108,249
1.578778341,0.86842629,0.598507053,1.187353058,1.146059403,198,9,-0.069365861,5.11E-11,3.81E-06,16.82791265,611
1.872174558,0.88691531,0.54957678,1.362010127,1.754325079,334,31,-0.032625495,-4.90E-11,1.08E-06,35.19732897,1360
1.169380157,0.789104742,0.493606243,1.090762051,1.03455321,257,29,0.192071007,2.35E-10,2.66E-06,20.20672684,188
0.560971381,0.828802525,0.516422917,1.130381991,1.02044849,329,5,0.256118496,-3.13E-10,1.92E-06,15.36237396,383
0.870771801,0.828412792,0.506742058,1.235647156,1.10665587,610,30,0.0172338,1.82E-10,5.66E-07,28.40351299,1407
5.210641806,0.795868156,0.614776502,0.996045491,1.149459776,88,46,0.136913287,2.12E-10,1.03E-05,29.41930429,68
4.480794909,0.762865342,0.706720242,1.026435584,1.158278725,254,18,0.014736106,-6.52E-11,7.16E-06,36.99970708,146
6.780151522,0.801282872,0.689126265,1.181908913,0.949914239,474,50,-0.009349361,-1.28E-10,2.61E-06,96.48006323,1170
6.960992246,0.867417384,0.559031254,1.087173341,1.385974561,178,140,-0.125672309,3.33E-10,1.37E-05,128.5226128,172
2.364338962,0.860025564,0.691210346,1.147767456,1.103837906,180,37,-0.072032275,-1.12E-10,5.18E-06,57.85283251,154
3.385358205,0.880126748,0.654877305,1.228989826,1.075761647,304,139,-0.151315428,7.22E-11,1.93E-06,132.6971517,1178
1.533096404,0.886194286,0.690149148,1.071599297,0.628424056,182,20,-0.144187364,-2.53E-10,5.27E-06,76.51219973,146
1.000157789,0.735187807,0.938320113,1.694525039,0.91111253,70,21,-0.120722747,-5.03E-10,2.84E-06,44.73960756,513
0.924876797,0.989132057,-0.044979466,1.460594082,1.712330835,4786,334,-0.971966993,6.98E-09,4.27E-08,72.1074425,9586
0.977898874,0.990962512,0.069361265,1.487464541,2.155248928,410,159,-0.829417913,-0.990168084,4.47E-08,84.3834702,9655
1.346897259,0.988521858,0.11448824,1.154584745,1.351436122,36,16,1.663339663,-0.476568762,9.43E-08,250.0829131,6587
32.39262927,0.882124664,-0.561617076,1.36409096,0.972440325,1932,189,-0.075089632,-8.94E-10,5.14E-07,229.5774992,5082
0.548574169,0.876424481,-0.568803459,1.464544831,2.354543837,6848,21,0.260018815,1.30E-09,2.26E-08,33.84086232,25
1.678667829,0.936474247,-0.522159906,1.357851561,1.793563838,6323,45,0.160510101,1.75E-08,4.40E-08,64.22134732,5037
1.235872698,0.97750369,-0.012883018,1.709419206,1.124950059,1574,58,0.899193611,3.52E-09,7.33E-08,152.4567648,118
9.651195896,0.816088534,-0.204515915,1.014312187,0.773831381,570,946,-1.399964789,2.125642532,3.22E-07,274.2196328,9589
2.708147536,0.837655483,-0.723626361,2.324027083,2.334438981,6020,150,0.024570292,2.95E-10,3.79E-08,128.5109989,1672
20.20187004,0.822074493,-0.235373933,0.319059671,0.057203948,279,8979,-19.16455594,-21.03067395,3.97E-07,809.7820599,9915
1.272821457,0.969237266,-0.273436474,1.288762901,1.83847168,5036,45,1.117369933,4.19E-09,4.44E-08,137.404425,7210
1.037325454,0.979114364,0.099721393,1.100190055,0.85523551,1743,1040,0.474027963,-1.40534393,7.79E-08,172.1458068,6375
20.05602564,0.95190706,-0.216776831,1.491492278,1.195776392,924,783,0.243515241,1.69E-09,3.66E-07,375.481678,4407
269.5267807,0.936516284,-0.15650063,0.58319127,0.299555795,20,668,-0.087118044,-1.16E-09,9.54E-06,455.98732,7470
3.520980647,0.955914325,-0.453867912,2.054457541,2.20156486,6134,254,0.367302476,-5.42E-09,7.84E-08,135.9468625,4759
1.829188823,0.925660154,-0.400034148,1.326764162,2.258768329,6162,176,0.05225959,-3.12E-09,4.60E-08,82.64299019,7143
16.8306669,0.854885424,-0.40606648,1.325515551,1.040191787,1152,491,-0.234383432,-1.75E-10,2.69E-07,189.607138,3733
0.606290646,0.917552273,-0.316225105,1.33194099,1.178772227,5138,552,0.026505008,-3.01E-09,2.35E-08,26.15116423,4483
1.952696259,0.947268127,0.087935751,1.733270296,1.720710873,4362,91,-0.04543669,-8.31E-10,4.60E-08,67.93471799,4965
1.597006245,0.991423534,0.031248606,1.329858842,1.583556184,2648,57,-0.923835965,-3.34E-08,6.07E-08,116.5693469,9929
0.693463792,0.943468085,-0.411759416,1.301841132,1.40517474,3628,744,0.068592764,-3.48E-08,2.76E-08,42.37151134,5639
2.356460041,0.963617246,-0.14020712,1.086574712,0.94379296,866,156,1.144129658,-2.019218413,1.02E-07,299.8064541,6800
3.613748245,0.929252536,-0.222779267,1.451621899,1.207847444,1556,136,3.850992284,4.572108167,7.96E-08,268.2603468,4866
27.85192515,0.947205234,-0.212630568,1.147267529,0.537018288,116,821,-0.021173422,-3.42E-09,5.28E-07,380.1830015,7014
97.30320964,0.980134516,-0.422246499,0.097060686,0.004393565,114,9764,0.02648387,3.47E-10,1.60E-06,2186.263239,9944
6.104006041,0.864007888,-0.710230199,1.336799329,1.506476674,6686,82,0.052502712,8.31E-11,1.51E-07,134.1055877,3621
1.151557331,0.775566175,-0.497046266,1.171716257,1.702516236,5684,66,-0.121486772,-1.85E-10,3.81E-08,90.73247213,7447
2.804686218,0.964922452,-0.423148535,1.314805684,1.051751643,1998,381,0.065660628,-8.35E-10,8.66E-08,140.1150735,8302
80.7152192,0.964926797,0.119609613,0.853319711,0.723909874,4,846,1.857550896,0.532976493,6.47E-06,333.5655858,6135
0.843991843,0.913319265,-0.361552939,1.439226373,1.599861427,5926,323,-0.26442563,3.31E-09,2.83E-08,33.5874795,2226
9.280689712,0.913783928,-0.716057465,0.953386685,0.910928193,2106,690,0.095160618,-8.61E-10,2.51E-07,288.9024629,6498
0.768777406,0.894724646,0.518865679,1.499737171,2.182278052,2274,376,0.187705561,-4.28E-08,2.83E-08,54.03458966,2187
1.804118922,0.897265076,-0.479112688,1.24288678,1.559808977,3388,424,-0.157021237,5.15E-10,7.16E-08,180.9959982,8045
4.03152149,0.886349492,-0.323939577,1.50104585,2.026886486,5688,30,-0.113978112,-1.26E-09,6.85E-08,125.7789614,1337
3.296278608,0.897187755,-0.764166503,1.343164568,1.487015742,3780,339,0.121234978,-3.57E-09,9.13E-08,130.4809102,4163
2.582008108,0.961729932,-0.049803754,1.393197182,1.428181046,450,205,5.166879738,-0.470179588,1.14E-07,174.0338286,8511
5.986900877,0.972474857,-0.264505923,1.11808723,0.815974728,66,1609,-2.126916529,0.321651103,3.92E-07,198.9189554,5673
1.918176219,0.801638706,-0.609259823,1.422201095,1.542356072,5596,160,-0.382222148,-7.20E-10,6.36E-08,141.391188,3835
1.668006244,0.989751127,0.043885862,1.397799228,1.719796624,2978,129,-1.443707345,-9.47E-10,6.96E-08,112.0735218,3620
0.715884409,0.887312512,-0.348273154,1.166046073,1.41848461,5946,82,0.163770996,-5.60E-10,3.21E-08,50.24519873,5108
2.526035125,0.899021971,-0.8032517,1.13217803,1.391308638,6270,52,-0.248782249,9.43E-13,6.93E-08,135.9434333,7404
2.314305395,0.987783054,0.017838614,1.393358223,1.153818142,1068,401,0.444577679,0.296323137,1.13E-07,150.3849022,8693
2.134247629,0.881614455,-0.659070105,1.204043835,1.179201227,5532,143,-0.013281767,-3.57E-10,6.18E-08,212.2771349,1031
5.496077653,0.905982731,-0.475534403,1.366488816,2.122583262,5134,814,-0.060052943,-7.82E-10,1.05E-07,170.4706123,7194
2.066503934,0.899657054,-0.657265233,1.481465912,1.975487567,6738,174,-0.398402405,-4.11E-09,4.07E-08,96.13783267,1199
6.060584065,0.867252538,-0.520133429,0.775692765,0.611873657,862,1984,-0.005734298,1.87E-09,1.93E-07,681.2252576,8237
3.70352982,0.758355423,-0.895348034,1.801822543,2.287848038,2036,110,0.011212271,-9.47E-10,5.14E-08,176.8974657,4975
4.101690852,0.975961835,-0.219461229,1.576567659,1.258187185,4204,77,-0.712656926,-4.48E-09,1.07E-07,134.7373998,6307
1.072682414,0.949247856,0.054400017,1.506983725,1.894015366,3666,538,0.281244917,1.65E-10,3.18E-08,78.12440818,2528
10.26573041,0.897386283,0.23555809,1.509485968,1.998828303,1602,327,-0.104693125,-1.03E-09,2.77E-07,179.2737122,899
1.105612547,0.99039752,0.034294097,1.403757243,1.312198139,3138,1194,0.826622592,-0.274848284,5.62E-08,139.5182854,9849
37.56070401,0.818893751,-0.804435598,0.694443691,0.424384698,2980,1123,0.041834657,3.24E-09,4.76E-07,739.4664821,6349
1.256693706,0.801619523,-0.757047133,1.29521554,2.337713093,6446,114,0.07556893,6.82E-09,3.33E-08,71.16036543,1582
1.634101432,0.753675049,-0.88737713,2.556156684,3.266968497,6966,496,-0.046294916,-1.68E-08,2.14E-08,35.73403248,5352
4.995351836,0.957065074,-0.494548787,1.456250488,1.515093797,5446,95,0.247626206,5.41E-09,1.08E-07,171.9747917,2116
3.763420488,0.962271626,-0.351996994,1.418575806,1.065426806,292,61,1.686371468,-1.103324199,1.71E-07,198.5697936,4729
1.051495424,0.989515866,-0.044255792,1.163254906,1.703293742,962,68,1.239540061,3.02E-10,4.76E-08,81.80869178,8611
1.761186539,0.888849438,-0.513520801,0.919336467,0.736220403,6082,199,0.050848726,1.97E-09,8.74E-08,170.7839579,6248
1.511427459,0.885905846,-0.574568006,1.22062034,1.519177695,2376,892,0.035209501,1.07E-10,5.48E-08,167.0986117,3534
0.973956598,0.988591476,0.106360529,1.230161828,0.700071693,3628,171,1.622954062,-1.03E-09,7.64E-08,143.8177211,8528
5.470181536,0.884094035,0.626713439,0.510297959,0.130202004,144,1200,0.728078751,-8.199444937,6.55E-07,513.807237,6992
1.000774625,0.925706131,-0.56382607,1.196582001,1.467458486,6162,74,0.195575101,1.69E-09,4.08E-08,71.66750019,4648
3.249007218,0.921364486,-0.716018436,1.105291126,1.455787587,2750,166,0.044348307,-3.82E-09,7.62E-08,222.2890676,3744
2.610363161,0.8880909,-0.506946548,1.524075486,1.601246393,2972,539,-0.022850523,-8.16E-10,6.82E-08,198.8275451,4880
4.648133625,0.96859474,-0.367185813,1.049305594,0.951358189,1414,1841,0.324737875,-1.56E-08,1.66E-07,251.5377433,8256
0.736310494,0.987223065,-0.175023069,1.142833964,2.043576684,2910,240,-0.744916308,2.80E-12,3.87E-08,84.4009886,6093
1.381621148,0.983206166,-0.169845097,1.384951928,1.30520435,1856,908,-1.285971215,-3.345674238,5.51E-08,142.4502172,8892
3.398786248,0.955240398,-0.36444446,1.102552451,1.017212551,3458,1117,-0.233550369,-2.62E-09,1.49E-07,188.9834932,2984
2.79322519,0.882997269,0.562794789,1.591687286,2.006589935,608,102,-0.434681521,1.631555684,7.54E-08,156.1072082,6281
1.791386607,0.823570598,-0.204357009,0.862880321,0.833655748,2760,858,-0.194389516,4.63E-09,8.17E-08,228.9378731,6975
3.944825722,0.947545062,-0.52045424,1.761532552,1.472918543,2148,178,-0.196288562,-6.59E-09,9.07E-08,179.8578591,4941
4.000203591,0.95127914,-0.56430516,1.190677459,1.29402408,1766,383,-0.241945383,1.93E-09,1.25E-07,197.849978,4342
6.357381477,0.959267057,-0.438842396,1.405081745,1.067509075,978,663,-0.153659177,5.06E-09,1.77E-07,233.6202388,1727
4.087953225,0.984291451,0.103621405,0.764635696,0.475795818,380,871,-3.252323591,-2.351832612,3.20E-07,398.2310656,1278
5.040080565,0.975806055,-0.330992859,1.24828909,1.412390482,26,360,0.613987855,-2.98E-08,3.37E-07,167.516612,7968
3.482393229,0.966264365,-0.127618154,0.841062662,0.673544088,4636,27,-0.914001847,-1.50E-07,1.78E-07,321.7721988,4669
1.621320973,0.896606567,-0.713072287,1.025786042,1.731222733,6266,38,0.497143562,6.29E-08,5.20E-08,151.1356725,4207
1.203820383,0.813583436,-0.891898791,1.701478536,1.485723618,7910,66,0.023408262,-3.90E-10,2.50E-08,34.29556776,4981
0.700131295,0.867595204,-0.77348264,1.323481388,1.193757074,7558,33,0.223434648,3.66E-09,2.03E-08,36.42886666,7577
18.04988148,0.773643665,-0.711542267,0.84959818,0.360908534,2258,1866,-0.287577277,3.07E-09,3.88E-07,474.1020746,3771
1.311228099,0.990766688,-0.123919291,1.452890422,1.963006105,3838,103,0.11780157,5.55E-08,5.54E-08,94.62781475,2860
0.804800888,0.947035751,-0.147051737,1.565076408,1.215193354,5592,10,-0.172840809,-2.40E-09,3.08E-08,52.45118842,24
0.107327144,0.544664577,0.908980484,1.35011981,1.595650268,448,1599,-21.10379373,30.7418764,8.40E-09,393.6219812,6794
3.109526408,0.979285268,-0.206750396,1.185260725,0.932005623,4743,22,-0.403258507,-1.07E-10,1.41E-07,116.1780644,2084
2.018674212,0.962795016,-0.430466117,1.385142775,2.140358571,4382,244,0.180772122,-4.90E-07,5.85E-08,164.4409605,5519
0.48077624,0.991533925,0.069238494,1.307882805,1.106984017,4476,38,-0.502802195,9.68E-08,3.03E-08,90.2978037,6132
1.048029761,0.984209935,-0.08698641,1.385918515,1.257753425,5228,24,-0.436107419,-3.14E-07,4.08E-08,76.96714176,8576
2.731923793,0.875358175,-0.827451052,1.342920602,2.086949082,5982,273,0.242632406,-1.00E-09,5.45E-08,300.905108,3584
1.822764561,0.959883568,0.116708579,1.227391946,1.858579203,1846,608,-0.032329373,2.52E-10,6.78E-08,145.1743577,9481
10.79944945,0.941925244,-0.341413165,0.495678455,0.187390468,436,2537,-3.082081755,2.359187756,5.51E-07,1130.649852,5117
6.27549654,0.966335097,-0.42060829,0.976431998,0.445921102,1128,1265,-0.088470842,7.38E-09,2.55E-07,386.9782446,2481
4.411037004,0.933570755,-0.676335925,1.270813512,1.459716604,2478,395,1.006716017,2.95E-09,1.34E-07,143.6932547,8560
57.33849768,0.944160843,-0.032102303,0.803068666,0.54317512,74,1148,-4.250698962,0.758463652,1.67E-06,815.6006084,7783
4.306499143,0.981872238,-0.095932809,1.143412708,0.898922422,4756,142,1.213435944,2.692885587,1.70E-07,146.6210275,3940
1.440540338,0.988567,-0.012774503,1.549387028,1.951775492,2364,551,0.912231029,1.08E-09,5.43E-08,165.7221638,7724
10.86281039,0.958160003,0.132531934,1.406200838,2.049388966,156,181,-0.820068693,-4.46E-09,1.94E-07,245.3488142,1757
18.92918656,0.958562507,-0.51988125,0.926352227,1.050452103,776,131,0.329940558,6.80E-09,3.21E-07,310.315133,2944
0.534646386,0.889749717,0.415701346,1.249685354,0.977823946,458,157,-5.282693055,38.37708435,3.29E-08,92.06342057,3303
2.252105016,0.950717734,-0.424371469,1.276830018,1.360401385,5058,66,0.612549474,3.45E-08,7.02E-08,146.5631485,8125
1.220547805,0.958345746,0.211948932,1.670794807,1.767450236,752,523,-0.242938756,-0.216169021,4.79E-08,73.88440415,8014
1.674995549,0.907455651,-0.700296449,1.571835599,1.475928203,6374,49,-0.029916567,3.43E-09,4.86E-08,132.4027627,1970
2.02657183,0.863649296,-0.694923922,1.366124657,2.140932696,2068,442,-1.323487913,-1.14E-08,6.55E-08,208.8556865,8509
4.429072654,0.961732163,-0.399361235,1.117666368,1.146644155,50,72,0.446306267,-0.116002088,1.77E-07,140.1139796,4263
2.252992142,0.981466076,-0.140843394,1.163043449,1.395973054,3280,300,-0.796965002,-2.12E-09,8.85E-08,154.8101968,9036
3.774464359,0.980979736,-0.263572919,1.439445734,1.437157831,2876,387,0.282760756,3.82E-10,1.22E-07,175.7474216,4998
2.335717017,0.904817567,-0.709867565,1.41011991,1.36525876,6434,194,-0.058584914,3.14E-10,6.69E-08,216.8762751,6969
1.227517,0.991212405,-0.046499429,1.40510497,1.107850954,4176,94,0.011921055,0.312046573,7.76E-08,139.2427092,9830
19.06032408,0.939972035,-0.439693946,1.312487925,1.29861984,72,46,0.033745852,-9.66E-10,5.11E-07,226.6343621,6946
4.665181944,0.916787749,-0.68486927,1.833014332,1.361503508,6282,142,-0.010242639,7.20E-10,8.90E-08,277.4630103,5633
1.573143853,0.895122424,-0.290473895,1.297710682,1.423707463,2114,660,-2.348278552,-4.15E-08,9.73E-08,161.792178,3210
10.18511816,0.975271495,-0.361019997,1.079679904,1.076884781,754,718,0.063965942,-9.56E-10,2.94E-07,264.4611445,8891
1.465692622,0.975865097,-0.216045411,1.316810038,1.608784696,3362,36,-0.167572527,-1.86E-09,4.93E-08,72.66235399,9257
3.075832362,0.932085695,-0.570790641,1.074194315,1.218561583,2478,1125,-0.136267517,-1.87E-09,8.99E-08,312.9159417,6705
1.483222604,0.990295307,0.086630465,1.118356073,1.420449089,568,138,1.465506093,0.849983303,7.60E-08,249.8526773,2863
1.139187325,0.9881439,0.168232353,1.522920991,1.373605093,1852,82,0.078947368,-1.20E-07,5.61E-08,166.0455439,7935
2.048578169,0.950334578,-0.342627771,1.504865977,1.279187828,5386,111,-0.032552184,5.54E-09,6.28E-08,95.64168616,6996
2.36832897,0.989671962,0.040386095,1.180336193,1.050865853,356,74,-0.468536736,0.200718961,1.53E-07,210.3646788,2072
5.627353716,0.892109711,-0.784276474,0.863563386,0.629555823,5008,569,-0.165520665,7.69E-09,1.41E-07,549.6076105,6388
1.150632616,0.877239626,0.612273294,1.41071046,1.39353054,2530,501,0.269922106,5.74E-09,2.95E-08,83.63991856,2504
1.120773148,0.987828467,0.176669797,1.406527964,1.503761181,2922,281,-1.348172291,1.175879232,6.18E-08,287.1193642,478
4.343288146,0.986990607,-0.010027522,1.19718318,1.228094179,82,1628,-0.221750069,5.44E-08,2.46E-07,327.2376405,8354
1.514733661,0.852107555,-0.906091238,1.212714049,1.820042582,7946,234,-0.007802136,-3.34E-10,3.93E-08,96.41377414,8817
31.12904192,0.833945035,-0.679796887,1.317621451,1.029463286,1062,1249,-0.158385247,-1.01E-09,4.15E-07,499.8997081,9377
1.764050592,0.968912107,0.1656794,1.366268978,1.445451974,2389,979,-0.030497197,1.03E-08,8.96E-08,308.3796842,3572
4.992040838,0.890523088,-0.01671887,1.941865448,1.657072282,3758,981,0.161039236,4.32E-10,7.99E-08,353.4956972,8744
2.940492366,0.870473891,-0.823119307,1.92182516,1.827286375,3972,88,0.170995452,-3.22E-09,4.98E-08,148.9664635,9679
1.361227715,0.873226648,0.496279923,1.331307988,2.440196225,3196,41,1.112951444,-1.039145364,3.69E-08,86.53731556,8166
1.925904973,0.989941554,0.07906164,1.678221805,1.646230564,4684,106,1.138381379,-4.63E-08,7.72E-08,168.6450328,1684
8.90391869,0.968284727,-0.204047763,1.491110509,0.846702917,592,269,0.173027803,-3.79E-09,1.54E-07,207.9171865,5806
0.005350302,0.545412387,0.933777462,1.090858732,0.594986387,50,76,-20.8777742,60.98209473,1.60E-08,79.58795432,9951
0.760001655,0.913286924,-0.274050354,1.163143471,1.111327832,4832,233,0.142323511,2.28E-10,2.58E-08,23.78916616,3329
19.38766276,0.954037656,-0.47608466,1.077726946,0.861225408,256,625,-1.271311954,0.945221908,5.24E-07,338.8446554,2928
4.174843342,0.909065291,-0.470387539,1.517258465,1.653184601,1722,117,10.57235158,-0.772262539,7.03E-08,146.5272929,4807
10.41256267,0.953055368,-0.413952202,1.145099742,0.913821383,1700,1347,0.166315539,6.84E-10,3.15E-07,428.1397387,6523
5.856167985,0.847156663,-0.753606435,0.958713438,0.557491782,4244,918,-0.127318708,1.93E-09,1.71E-07,649.5729762,6910
1.603949371,0.709182207,-0.739777105,1.214126616,1.859083739,3162,1966,-0.077697855,-8.42E-10,5.52E-08,157.8602869,7088
1.46929844,0.916399794,-0.488352102,1.107231769,1.044522298,2614,409,0.218106956,1.63E-10,7.11E-08,169.418216,9041
0.026351954,0.645908076,0.855678829,0.704408988,0.680373152,448,93,-49.19983466,33.351015,3.15E-09,20.86089907,8004
2.652855762,0.886222027,0.01878804,0.90430467,0.802992706,658,295,2.183929537,1.69E-08,1.58E-07,255.3429737,2490
2.143957883,0.930380633,-0.241012368,1.343762327,1.050229746,4807,396,-0.639301604,7.63E-09,7.15E-08,162.4126214,8408
1.360537612,0.979612564,-0.276652245,1.759109699,2.178802949,5124,117,-0.710483451,5.54E-09,4.80E-08,128.0490578,3508
5.842992676,0.909498393,-0.55805667,1.139311109,0.768873977,856,137,-1.84E-04,4.86E-10,1.46E-07,268.479718,8058
7.087210392,0.919971836,-0.655310578,1.309456621,1.034004497,6257,14,-0.143425951,2.26E-10,1.75E-07,225.5553205,4456
2.009595055,0.947052168,-0.398008204,0.811707135,0.648771476,2158,387,0.349434025,-1.64E-11,9.59E-08,143.624097,718
3.733302556,0.95091689,-0.473020984,1.570358249,1.57490574,1706,266,1.244423483,2.436376546,8.28E-08,154.3988278,8535
4.562379963,0.895371935,-0.802658685,0.93903743,1.04144273,5142,64,-0.220455588,1.04E-08,9.99E-08,222.8288332,6485
4.516896487,0.915836759,-0.562368155,1.644411432,2.185685144,4796,182,0.813725031,-6.52E-09,6.10E-08,75.12361886,8114
3.239497617,0.915879393,-0.631554192,1.659046833,1.976196076,6603,120,-0.654828117,1.53E-09,6.35E-08,150.48403,1332
1.185115331,0.944436315,-0.331901728,1.015209914,0.944501766,3162,136,0.218516795,8.89E-10,8.43E-08,173.1812339,2825
3.379903434,0.966419942,-0.302103233,1.372171698,2.048595349,5102,304,0.406810876,-2.40E-09,7.68E-08,183.2963562,681
1.873030423,0.896544116,-0.176140024,1.15314655,1.324849398,744,463,2.844942794,0.535302292,1.13E-07,144.1139475,3306
1.849177201,0.958713784,-0.433509004,0.882574647,1.099504069,4792,580,-0.352633901,-1.444974626,7.26E-08,220.9531921,9451
11.09076009,0.886357245,-0.586603127,1.52879113,1.132847719,6222,96,-0.181411273,6.09E-10,1.62E-07,285.9381749,4302
1.276355511,0.968238577,-0.119403746,0.906214266,0.707378517,2094,496,-1.69109715,2.545379321,1.08E-07,148.0897686,6121
1.10944799,0.988999391,-0.148075081,1.233811245,1.006532863,2890,208,0.693545193,-3.01E-09,4.53E-08,70.59948963,7946
1.923665087,0.786748833,0.567626696,1.487022169,1.114009162,1500,1125,21.63666757,-24.5402794,6.88E-08,143.3379455,1696
1.809651212,0.821498392,0.706552267,1.543470238,1.932883958,2460,71,0.284608384,3.06E-09,3.42E-08,63.62210565,7748
1.257171634,0.982105409,-0.097520463,1.364956895,1.171988053,3432,356,0.695767101,3.14E-09,5.50E-08,121.8195259,5164
0.803295885,0.801373108,-0.103700632,1.347862518,1.922601598,3364,66,2.24470533,3.887914393,3.77E-08,104.1603376,5551
2.539412082,0.88142957,-0.839774849,1.172012688,1.486398093,6712,44,-0.040159423,-1.05E-09,5.82E-08,224.3701491,2708
2.554676971,0.964390634,-0.277046524,1.086692961,1.091138667,3306,707,-0.239369174,4.15E-09,1.14E-07,209.5665182,8430
18.9287824,0.868278521,-0.87194734,0.835097187,0.693414166,3314,398,-0.077886049,3.39E-10,3.20E-07,424.4841897,8735
4.714740464,0.989987586,0.091987881,1.75350969,1.704196899,4712,105,-1.233401022,-3.31E-09,1.58E-07,416.2371756,4503
2.561481576,0.982902749,-0.154415949,1.519147643,1.354411577,186,86,0.179418356,0.552154985,1.13E-07,157.5343255,5491
0.964248848,0.976651757,-0.018522446,1.42195317,1.799360115,3166,1024,-1.760855916,2.150124378,5.16E-08,102.6054958,5574
3.903050322,0.931858115,-0.646051673,1.418862804,1.508476405,6786,41,0.273432234,-1.74E-09,6.66E-08,284.8833307,2913
4.689495204,0.963338606,-0.335282502,1.402205149,1.125774289,5759,44,-0.167845859,4.76E-09,1.24E-07,235.4592671,3425
11.513935,0.962348863,-0.339386105,1.06890325,0.649851668,2886,411,0.202672255,4.09E-09,2.86E-07,553.6024495,5523
3.280776051,0.984428829,-0.137830465,0.892945608,0.717912072,468,1111,2.480612479,-1.65952929,2.07E-07,208.4619325,1760
1.450155118,0.951946576,-0.207319386,1.237792633,1.579785045,2672,735,0.891146885,-7.41E-09,6.43E-08,143.0788692,2359
7.746462179,0.704695744,-0.838225713,1.554689801,1.06660516,3380,1112,0.018571823,2.17E-10,1.62E-07,489.5461953,2120
5.337515017,0.914620408,-0.554113316,1.111862749,1.13951302,3554,462,0.042069599,0.74944517,1.71E-07,305.5123799,9159
14.45091554,0.963361966,-0.01561771,1.086233734,0.763173878,1764,123,-0.169351267,-3.98E-09,3.72E-07,259.948051,6145
42.51543143,0.960999713,-0.43143311,0.875054829,0.685577109,286,1096,-0.091070995,-1.45E-09,7.59E-07,470.3618535,2118
2.35376128,0.861760257,-0.504947102,1.421844078,1.244503813,3936,1284,0.375466232,-0.51361568,6.31E-08,154.1350417,2845
1.109749518,0.991324796,0.040181535,1.3215958,1.976884296,366,53,0.782861492,-5.60E-09,7.40E-08,150.227191,8109
1.62041835,0.891249044,-0.222270912,1.097809522,1.626341529,3613,901,-0.540363676,-1.997007318,6.27E-08,236.4377683,34
1.373186247,0.989907342,-0.089116337,1.175533888,1.742581871,2626,441,0.802121978,1.14E-08,6.91E-08,121.6615548,3412
20.26607051,0.968052312,-0.314652895,0.820580498,0.442986538,5060,25,-0.143377946,7.96E-09,6.95E-07,594.9954706,8773
1.303523816,0.987643543,0.059373432,1.272464021,1.526196455,2670,1218,-0.778823021,-0.558454195,5.90E-08,279.9548365,3645
1.77295734,0.939860236,-0.191252536,1.332706615,1.413524428,1644,172,0.240218886,-5.671077407,8.12E-08,207.3252947,9890
1.097450298,0.986395143,-0.205656349,1.271423649,1.081497196,5562,33,0.112810921,-1.54E-10,4.86E-08,159.4685827,8229
1.436646327,0.989890883,0.075944597,1.198065912,1.127992499,730,65,0.654623977,1.197858396,7.09E-08,134.2584878,3844
2.594945752,0.972300547,-0.36449708,0.946454211,0.703040754,2468,231,0.415721661,1.73E-09,1.30E-07,167.3848313,6838
0.700649209,0.911340144,-0.626881575,1.470847023,1.264583399,4450,212,1.459239505,-4.25E-08,2.47E-08,41.61040308,6231
25.2593779,0.955206827,-0.455756652,1.237729648,1.735326357,18,15,0.321819711,8.86E-09,8.41E-07,139.9621443,6165
2.111273248,0.920021035,-0.407679868,1.300716674,0.950191264,5367,218,0.117053375,1.03E-09,1.01E-07,133.171528,9340
1.532463529,0.986851386,-0.022317202,1.329494049,0.993745603,2898,721,1.500125452,-3.83E-08,6.06E-08,211.5475323,9423
7.64521234,0.88738692,-0.46888999,0.996357267,0.690935403,3658,505,-0.107383349,-9.12E-12,2.15E-07,479.9161184,997
1.985344008,0.910402023,-0.350601627,1.537883209,1.294401567,6326,116,0.312604087,-1.78E-07,9.00E-08,71.96963453,6541
1.098611131,0.828066312,-0.242469993,1.540490548,0.949781414,278,206,-1.841190394,-5.638736871,7.27E-08,137.1286532,7197
2.140576148,0.941928902,-0.055932276,0.906271672,0.720326918,692,235,1.012228873,10.7656764,1.20E-07,250.4206104,4691
1.077098137,0.946952601,-0.447568906,1.455418128,2.396073089,4890,73,-0.538905511,3.08E-09,3.72E-08,59.22065268,3491
1.960722026,0.970925762,-0.098128946,1.336663199,2.136179638,4146,56,-0.309960291,-1.46E-09,7.58E-08,181.9761017,9697
3.273532009,0.886415266,-0.750151647,1.059175115,1.352106457,4608,455,0.015048746,-3.83E-10,7.40E-08,179.2685045,1713
0.527086838,0.881118143,0.588326314,1.258639658,1.317568642,590,333,7.219847217,-15.95402506,7.65E-08,306.2334213,5064
3.373838026,0.93141022,-0.587894714,0.992459125,1.154829485,5482,285,-0.023989596,1.26E-10,1.16E-07,187.2730885,7891
64.73695737,0.914932721,-0.561143647,1.266456589,0.738994555,5204,102,0.476264856,-4.51E-10,1.84E-06,239.7810098,6902
3.23660902,0.987379163,0.003178575,1.190209526,0.591688222,4154,192,-0.515051898,-4.87E-09,2.20E-07,210.0382619,5804
1.478511589,0.876269198,0.228702575,1.057384386,1.015009512,2154,488,-0.991613773,0.329855927,6.36E-08,217.4272282,5580
1.599426891,0.836929643,-0.321776252,1.605722399,2.046668778,5819,34,-0.086917272,-6.66E-10,3.41E-08,71.05797976,8916
1.807107756,0.787806103,-0.768878272,2.065047218,2.437719009,4744,1152,-0.043840535,4.02E-09,4.67E-08,269.057879,3379
27.49774263,0.957603291,-0.085982167,1.203961067,0.793203527,26,365,10.25563684,-3.917861081,1.25E-06,244.9665567,3005
3.276092173,0.946717986,-0.070699064,1.643646874,1.808513976,4942,510,-8.069493084,0.258372991,1.14E-07,329.230856,9056
0.775963589,0.989198375,-0.069451627,1.239831784,1.10929264,4456,212,0.771284214,8.92E-05,4.83E-08,83.48685842,8812
1.118429428,0.989275541,-0.088065423,1.33174716,1.369022439,3910,252,0.74302012,-1.83E-09,4.92E-08,172.0944681,9125
1.953331673,0.827664061,-0.709122445,1.389830004,2.061120174,4798,617,-0.01199198,1.29E-10,5.07E-08,290.6651434,5131
5.173074438,0.958176186,0.026509516,0.665348025,0.349430128,352,1192,-0.268261101,-8.12E-06,2.22E-07,970.4135866,9409
3.504948511,0.959529552,-0.425394756,1.373807031,1.853084367,708,71,-0.429317275,-8.46E-08,1.03E-07,172.493358,8427
4.315413439,0.981141522,-0.125133681,0.853390277,0.615099243,734,123,-0.829909709,4.38E-10,1.71E-07,281.606705,3428
3.601613839,0.971477559,-0.382825549,1.241748304,1.358915316,5498,55,-0.704994514,4.87E-10,1.19E-07,145.9922299,9469
0.967204458,0.967706413,0.176458623,1.548566984,1.840445285,3436,248,1.377662225,-1.36E-08,3.49E-08,134.3792597,6578
0.727976752,0.891839768,-0.299955008,1.36076733,1.377538361,3530,186,0.482790878,5.78E-09,3.84E-08,107.6364644,6064
4.746300659,0.827582306,-0.801064463,1.956079221,1.94234865,5800,121,-0.193249214,-1.47E-09,5.95E-08,166.1907192,8237
4.096065954,0.968591608,0.282100284,1.078255755,0.635899435,2094,296,-4.258887315,-1.294354776,1.93E-07,664.4126187,6530
1.392082205,0.615677952,-0.875066226,1.291380487,1.415413634,6610,581,-0.004798353,-3.36E-10,3.40E-08,126.2319925,4198
1.591876831,0.914796511,-0.752708954,1.261325169,1.62496158,6288,58,0.313412015,4.02E-09,5.11E-08,119.1936278,8033
