lumpiness,entropy,ACF1,lshift,vchange,cpoints,fspots,linearity,curvature,spikiness,KLscore,change.idx,type
0.7228082586988105,0.9912249756646105,0.013142048513545992,1.732249351882196,1.7403104329423242,4080,186,0.5215310411872364,0.05282500067222274,3.003992381226769e-8,149.0493571778352,9808,MUS
1.269643219866448,0.9200360034676406,-0.49315760408578085,1.4010836133281137,1.4846111413851162,3330,511,0.12709320137793764,0.39260381970265107,4.139470664741133e-8,125.32117406642229,820,MUS
3.188626929458559,0.971635306174767,0.06533046279494567,1.446284357740187,1.1023380245659369,5210,48,0.6992293380679936,-2.347204777126859e-8,1.144092441195744e-7,293.0539525617339,7540,MUS
0.7247504276411625,0.8850188923956159,0.3324418592036798,1.7121345173841265,1.7502300254898828,3566,346,-0.10509037927457755,7.591635839307155e-9,2.3265308029386093e-8,54.22911545888043,9628,MUS
2.315611184492619,0.9822607358915497,-0.09196026043926048,1.346066988559993,1.6681365031538244,4628,773,-2.5941534340948524,-0.28942659264911397,9.560313393588405e-8,277.244027452626,8014,MUS
0.7217103576336669,0.8311673999154793,0.603521456091385,1.8040202568377122,1.5839166453433815,1196,158,5.228652514496815,-17.76977290006941,5.07367187689715e-8,119.07991665804144,8394,MUS
2.1021458871460426,0.9156118284209226,0.3481953946621108,1.4369303916358271,1.269115840804658,1782,589,-6.618090640798309,-4.021337653673958,1.012017152837227e-7,333.3862226849641,7293,MUS
0.8456025814228363,0.7917420744152623,-0.5938664900488776,1.381986296189944,2.7515768932785587,5608,350,-0.0265657439465876,-1.0022211903306475e-9,3.4901824408334944e-8,65.45220101004843,5202,MUS
2.374545147889875,0.9875903158809545,0.08317080275517577,1.0179332110932984,0.7215724664812123,2050,524,-0.05184692681316096,-2.2674322805480576,1.1889095611128394e-7,307.36840788771246,9576,MUS
4.368873467185806,0.9205109422984007,-0.7018289472942129,1.1591985702426206,1.4766271314601607,3934,272,0.32500074951139896,1.2800861113002239e-8,1.049652575705596e-7,163.50035125008105,7455,MUS
2.644273814545204,0.9807186626562718,0.17658988027336897,1.1440033793505369,0.8140298823395091,2014,668,-1.3849285730085457,0.9751865822752612,1.4541737004361487e-7,372.91827323739517,6003,MUS
1.4660634383678643,0.875908771377025,-0.4196905396265704,1.6271202331685617,1.3101200195162455,2666,257,0.38648859436623817,3.2803792986431016e-9,5.833256575281179e-8,92.75328872143635,9530,MUS
1.6822793861635954,0.9861493232504999,-0.052243096547034115,1.4318985677372673,1.8780047749153885,2244,262,-0.0844251550016451,-3.80572459534852e-8,5.6597012731211546e-8,167.34016931862095,3739,MUS
2.7632738995791484,0.9335449921462334,-0.08509063316431406,1.0542104604961469,1.3438524078940919,1518,405,1.0191514878619832,1.0782998905188712e-9,1.7318270524031774e-7,151.4393092853401,4968,MUS
1.3239970753083738,0.9617846598624311,-0.3585733771716316,1.5425071140492665,1.7006029323841467,1008,86,0.1057810104793785,-3.6323330673179684e-9,4.136454726417415e-8,70.63492127045848,9901,MUS
0.8257813301816972,0.9550586183356291,-0.4299118255234024,1.6968268846763497,1.9941927191746591,5316,83,0.04589216121156915,2.0683526735077717e-8,2.8558732163756647e-8,74.7526184079834,5541,MUS
1.759365861736692,0.7688758980288593,-0.49242021420494925,0.9825010043116249,0.9881544551758268,2448,836,2.534542456447692,-2.3611811203212802,6.183066924992498e-8,140.3985258446739,4320,MUS
1.6951973810582572,0.9647039763377737,-0.2989793175901323,1.1538957815150097,1.7677228428064518,4088,65,1.1219281657390698,1.6867446869947731e-9,6.990496075960908e-8,129.35830373407634,6634,MUS
2.494864816137918,0.988347144088444,0.025212798677090788,1.4570008295199823,1.1584358267116357,404,407,0.14503784354902843,-1.2554842223079153e-9,1.158198317790641e-7,255.12861553247896,6391,MUS
1.9854236639794924,0.9463576916787596,-0.5869073589994037,1.3805391432421326,1.7577339911663041,6300,28,-0.13005613722419732,3.3982543826086754e-9,5.197616147801639e-8,124.60763383542235,9495,MUS
1.1530280745941324,0.8253564225285382,-0.45008299620386144,1.6710689679878592,2.051451406602885,5318,224,-0.05160253994403207,-3.801237738696602e-10,3.8540480716437176e-8,68.38487551820168,9161,MUS
9.905209511236349,0.9403094798203145,0.023232708872889765,1.1935116249344717,0.7188885923465738,112,1118,-0.19552661810625563,2.3366218808527366e-9,4.6538323533333614e-7,403.7309326943064,6630,MUS
4.791388062939304,0.919840541380933,-0.25182335171674114,1.517383299257785,1.4409000298140862,4270,34,0.012962669404326482,-7.514280100558516e-11,1.2992889112598675e-7,134.95441726576485,4177,MUS
0.8139753672483219,0.6416022065869914,0.7570653223064848,1.7324167683572833,1.5282714612302475,1985,15,-0.047304666136284486,-7.335428401077092e-10,2.09076371942639e-8,25.20760441268677,9114,MUS
1.6954397615357961,0.9681057997052177,-0.40326156488726506,1.1451028714170124,1.5162247644632147,2474,229,-0.32747698880045156,-7.745505058561006e-9,6.366349067795332e-8,107.80242310742865,8125,MUS
1.3696198097303385,0.9660442955115887,-0.43483734919378636,1.2774451252142776,1.9319037938888828,3188,116,0.453633072021253,-4.928202438977071e-9,5.3433285727285194e-8,106.52035883205065,9112,MUS
2.787813980998692,0.9843710714287709,0.044025176360456525,1.3471004789878425,1.1529746375822902,1262,186,-0.22535988977501298,-0.30844851324971184,1.2110802138280203e-7,144.99252907744304,6903,MUS
1.9012622512748725,0.9711164368937002,0.31653650399107514,1.4465409724314555,1.1410187010946298,2764,64,-2.5967861442983566,-2.0078462124238037,1.378117756277068e-7,193.74544542070092,9451,MUS
0.8863473614032196,0.7691396093155108,0.5271575446998776,1.4768755857133458,1.8312090590453298,634,44,0.2904584084790038,1.2854824381185582e-9,5.21243131422434e-8,120.99145137918289,157,MUS
1.1668437686151414,0.89205219265912306,-0.3998534051664347,1.3141322883760638,1.9906747770916517,2048,163,0.8505618736334181,1.0699581403630148e-7,4.975179335654952e-8,71.54737936787886,3015,MUS
2.8317794248358497,0.9860718278197517,-0.011923604629411597,1.250870713399868,1.0470245232711846,2494,305,1.380775985832475,-9.533614045344095e-8,1.0156241766545261e-7,145.09180921214178,8194,MUS
1.5160424986587429,0.9652990154475756,-0.2786486832233467,1.0889425152896315,1.7180868910176588,2542,331,-0.8873210172613435,-1.260739010182905e-8,7.410030181759241e-8,154.15064057174004,7581,MUS
0.6192194682121624,0.9887996239844775,0.0707125917786286,1.1284093602199583,0.8724496851761125,3172,395,3.466746638549742,1.3895282867058922,4.8238743975330586e-8,79.13652924913065,4732,MUS
3.5558488181971626,0.9242263780090852,-0.07609710673888972,0.9572779322138076,1.036430812118869,694,400,0.5929349200317262,-8.251341512265601e-10,2.1102097397294924e-7,248.2426443555631,1391,MUS
10.694682083256305,0.912241910167237,-0.7272323718007806,1.257667427491039,1.7627103534108644,586,285,-0.2157866330042873,1.4976588662844152e-9,2.7104197757554925e-7,201.77662642495153,864,MUS
0.656550919985214,0.9731150132830305,-0.35465159148872566,1.4157418190666469,1.0056013333969391,5935,62,-0.34037445237189684,-2.4388419967556397e-9,3.031123976590587e-8,45.18722992750221,4774,MUS
0.9022049029695345,0.8539434917217775,-0.2302516361263502,1.2530418682942286,1.3432075176843081,4498,218,-0.024238275757885105,1.3156275774298164e-9,4.199265698729441e-8,70.54224353357309,926,MUS
1.569645875476422,0.98786355063628,-0.010245288644373598,1.7874717720174744,1.8591536315575201,3390,132,-0.01820806864439952,0.032111967075618336,6.185460873381818e-8,296.0685649578263,9648,MUS
2.9996095139366328,0.9903545378931503,0.018120775404200637,1.3247683962913117,1.2670349189548147,3788,20,0.31982534839288584,-4.7013274861113245e-5,9.212053468271479e-8,142.83176410773152,9408,MUS
2.2343588685302325,0.9592244363864334,-0.4561246689235543,1.4947922238253075,2.24811940925194,3104,102,-0.9827805444170205,6.092791238616535e-9,5.8071608024723025e-8,219.9752441024719,5756,MUS
1.3669711083473592,0.8842585955639246,-0.7540324756978786,1.4470418352605723,2.1412385611379383,7437,17,0.270577414515972,1.7412891204998558e-9,3.172285108010212e-8,90.08799981423545,9043,MUS
1.5525582792660446,0.8802946697296427,-0.4996906952580074,1.497381934397835,1.354380355386733,4276,124,-0.22935773144553903,-5.113281437055027e-9,3.8922232245249996e-8,83.79218071281574,702,MUS
9.659601432726568,0.928240437501381,-0.4414340294185312,1.905773645129583,1.358404840130087,1312,95,-0.027829577060514695,2.5826316468762303e-10,1.7999547081087775e-7,206.93399709389567,6800,MUS
1.6243670668724717,0.9910064318482771,0.04842541362645558,1.4537915988982753,1.851835852392192,36,93,3.223033645592746,2.331008528110596,1.1613323868188393e-7,136.3995148027161,3491,MUS
1.9104766576694043,0.9914863655633086,0.011847801252817617,1.415855436887018,1.441967487689602,2922,126,-0.06156875127667787,6.036917441568598e-9,1.314387209875079e-7,77.97683563532318,6986,MUS
1.028633864563663,0.9913605176810987,0.0576775330131745,1.4336502594390093,1.6641285388136928,4042,72,-2.5727472975593164,-2.7875197732962587,5.166937450901512e-8,110.60953741699646,8025,MUS
0.9248767968173236,0.9891320574204752,-0.044979465699122145,1.4605940817309508,1.7123308352960342,4786,334,-0.9719669933625942,6.980714185200081e-9,4.271664728150823e-8,72.10744249548988,9586,MUS
0.9778988738501401,0.9909625123158141,0.06936126527166885,1.4874645409087583,2.155248928006133,410,159,-0.8294179130919146,-0.9901680843370165,4.467255929981314e-8,84.38347020198574,9655,MUS
1.3468972587368297,0.9885218578122965,0.11448824019178194,1.154584745117871,1.3514361217206212,36,16,1.6633396627588435,-0.4765687617125858,9.430706891959411e-8,250.08291312131402,6587,MUS
32.39262927339589,0.8821246643017862,-0.5616170756059149,1.3640909602418707,0.9724403245011748,1932,189,-0.07508963248687693,-8.940309632267379e-10,5.13861234617435e-7,229.57749921403467,5082,MUS
0.5485741692958669,0.8764244807067242,-0.5688034586500776,1.464544830740574,2.354543836539902,6848,21,0.2600188149347593,1.2994175368963752e-9,2.2647539900730866e-8,33.840862322740975,25,MUS
1.6786678287822858,0.9364742465902749,-0.5221599063826875,1.3578515605520765,1.793563838202472,6323,45,0.16051010057658674,1.752801686580835e-8,4.4007665559660074e-8,64.2213473152056,5037,MUS
1.2358726981422359,0.9775036895435557,-0.012883018325847333,1.7094192062158924,1.124950058747148,1574,58,0.8991936114819968,3.523740921030803e-9,7.334738529798167e-8,152.45676480846345,118,MUS
9.651195896262188,0.8160885335277281,-0.20451591500131433,1.0143121873342666,0.7738313812697867,570,946,-1.399964789216358,2.1256425318304566,3.2195108414475275e-7,274.2196327561539,9589,MUS
2.7081475355661984,0.8376554825272329,-0.7236263606418911,2.324027083440721,2.3344389810833217,6020,150,0.02457029225654294,2.9466509098802467e-10,3.789876694169317e-8,128.51099887149348,1672,MUS
20.201870040543703,0.8220744932284322,-0.23537393281107807,0.31905967119820206,0.0572039482062342,279,8979,-19.16455594416591,-21.03067394612289,3.971126733977382e-7,809.782059945315,9915,MUS
1.2728214567473617,0.9692372662432079,-0.27343647392738296,1.2887629013363209,1.8384716801885137,5036,45,1.1173699332794749,4.194719257372265e-9,4.437066260994331e-8,137.40442495338425,7210,MUS
1.037325454178799,0.9791143636909899,0.0997213927017733,1.100190055404501,0.8552355103134482,1743,1040,0.47402796277152737,-1.4053439296263721,7.785318986952322e-8,172.14580679412018,6375,MUS
20.056025640349297,0.9519070596166543,-0.21677683050966043,1.4914922782056697,1.1957763916849933,924,783,0.2435152407070333,1.6886956801854414e-9,3.6597418039255055e-7,375.48167804750346,4407,MUS
269.5267807355959,0.9365162839136434,-0.15650063024429,0.5831912703735366,0.2995557949277824,20,668,-0.08711804383017388,-1.161485618335549e-9,9.535747935400259e-6,455.98731996978285,7470,MUS
3.520980647390319,0.9559143248955962,-0.4538679121557938,2.0544575414668107,2.2015648600883426,6134,254,0.3673024760614723,-5.416729224094136e-9,7.83684482882212e-8,135.94686250606713,4759,MUS
1.8291888232059723,0.9256601540813683,-0.40003414840964785,1.326764161819095,2.2587683294133774,6162,176,0.05225959011294611,-3.124279618690328e-9,4.601187647831239e-8,82.64299019479125,7143,MUS
16.83066690003462,0.854885424358259,-0.4060664803294806,1.3255155513306893,1.0401917871681192,1152,491,-0.2343834316689442,-1.7500648075979097e-10,2.6913836966222216e-7,189.60713795177116,3733,MUS
0.6062906463912952,0.9175522729193231,-0.3162251047617839,1.3319409896320367,1.1787722271771515,5138,552,0.02650500766114043,-3.0091034316654786e-9,2.3517647230870856e-8,26.151164234925496,4483,MUS
1.952696258583693,0.947268126851285,0.08793575097574195,1.7332702955470065,1.720710872831095,4362,91,-0.04543669007482826,-8.310919810319498e-10,4.602201159687291e-8,67.93471799305668,4965,MUS
1.5970062446031315,0.9914235344213499,0.031248606464906944,1.3298588423881181,1.5835561838763166,2648,57,-0.9238359647744789,-3.337572904488121e-8,6.070606899110142e-8,116.56934691614585,9929,MUS
0.6934637919539995,0.9434680847656263,-0.4117594160308018,1.3018411324610297,1.405174739776689,3628,744,0.06859276432968989,-3.484259865736335e-8,2.7580809867394424e-8,42.37151133855921,5639,MUS
2.3564600412858616,0.9636172456111121,-0.14020712042059794,1.0865747123602962,0.9437929596254906,866,156,1.1441296577364386,-2.0192184134138973,1.0246733342436278e-7,299.8064541357767,6800,MUS
3.613748245032138,0.9292525363334966,-0.22277926681553606,1.4516218987528426,1.2078474438208413,1556,136,3.8509922837802555,4.572108167446556,7.958561433455975e-8,268.26034678934883,4866,MUS
27.851925154326935,0.9472052343519564,-0.2126305684518401,1.1472675291829346,0.5370182880186507,116,821,-0.02117342227880781,-3.420055158866413e-9,5.281526450720411e-7,380.1830015221042,7014,MUS
97.3032096408608,0.9801345163640286,-0.4222464990787157,0.0970606858797578,0.004393565444875856,114,9764,0.02648386951008624,3.467816109119817e-10,1.6002447848823656e-6,2186.2632390921704,9944,MUS
6.104006041495867,0.8640078884143306,-0.7102301993766447,1.3367993285256743,1.5064766739196989,6686,82,0.05250271173581207,8.308588031655659e-11,1.5084304541473237e-7,134.1055876859205,3621,MUS
1.1515573308545646,0.7755661747178237,-0.4970462661307369,1.1717162566725037,1.7025162358604597,5684,66,-0.1214867721255085,-1.8524349139610014e-10,3.806197205278299e-8,90.73247213174872,7447,MUS
2.8046862177124483,0.9649224516490037,-0.42314853516955886,1.3148056839121898,1.0517516434841845,1998,381,0.06566062796354576,-8.350008125338981e-10,8.663352775896997e-8,140.1150735073289,8302,MUS
80.71521920127628,0.9649267966165344,0.11960961322547968,0.853319711299389,0.7239098743400131,4,846,1.8575508962221738,0.5329764929581493,6.4669773118300834e-6,333.565585826782,6135,MUS
0.843991843033247,0.9133192646283318,-0.36155293864684723,1.4392263730922696,1.5998614270636005,5926,323,-0.26442563049685336,3.3054952487360345e-9,2.8342587917172614e-8,33.58747949850931,2226,MUS
9.280689712383763,0.9137839282104132,-0.7160574647186704,0.9533866851089439,0.9109281930060698,2106,690,0.09516061771514184,-8.605683151405275e-10,2.5101483012820015e-7,288.9024629201706,6498,MUS
0.768777406152272,0.8947246460969017,0.5188656792435224,1.499737171061062,2.1822780522043708,2274,376,0.18770556076110254,-4.277714497736206e-8,2.83232481601485e-8,54.034589658866295,2187,MUS
1.8041189216531466,0.8972650764302507,-0.47911268790329237,1.2428867799561742,1.5598089768522838,3388,424,-0.15702123689294756,5.148129796127349e-10,7.160090851851173e-8,180.99599817268114,8045,MUS
4.031521490227519,0.886349492223258,-0.323939577355494,1.5010458497825008,2.0268864863553864,5688,30,-0.11397811229365744,-1.2632038018731306e-9,6.853367385391423e-8,125.77896143863498,1337,MUS
3.296278608133257,0.8971877545563773,-0.7641665031341851,1.343164567781053,1.4870157415485323,3780,339,0.1212349778005684,-3.5688172370970516e-9,9.126762281898832e-8,130.4809102179878,4163,MUS
2.5820081078967996,0.96172993248212435,-0.04980375376790633,1.3931971822790834,1.4281810457653779,450,205,5.1668797382860685,-0.4701795876349436,1.1387480045545434e-7,174.0338285523771,8511,MUS
5.986900877113152,0.9724748572980909,-0.26450592277681084,1.118087229948285,0.8159747282750145,66,1609,-2.126916529224277,0.32165110302279754,3.921424123683268e-7,198.9189554037476,5673,MUS
1.9181762191263632,0.8016387057152622,-0.6092598229946361,1.422201094540629,1.5423560719809692,5596,160,-0.38222214760517104,-7.201183187991087e-10,6.357342809951806e-8,141.39118801798372,3835,MUS
1.6680062442444898,0.9897511267684215,0.04388586248590186,1.397799228469966,1.7197966238412128,2978,129,-1.4437073450864681,-9.472498665393094e-10,6.955447262335968e-8,112.0735218285543,3620,MUS
0.7158844087534222,0.8873125124987711,-0.3482731538803032,1.1660460733480216,1.418484610437812,5946,82,0.163770996423314,-5.599938097146789e-10,3.2117174044843444e-8,50.245198732347916,5108,MUS
2.526035124772616,0.8990219710804731,-0.8032516995928567,1.1321780295001005,1.3913086383794195,6270,52,-0.24878224873724195,9.434888932154127e-13,6.928104320123252e-8,135.9434332758434,7404,MUS
2.3143053953269486,0.9877830542912637,0.01783861423459537,1.3933582229429753,1.1538181416843907,1068,401,0.44457767897318645,0.29632313710438263,1.1345375572953558e-7,150.38490220155097,8693,MUS
2.134247629050088,0.8816144550840302,-0.6590701046429799,1.2040438349719926,1.1792012265447376,5532,143,-0.013281766504551798,-3.5693992843677765e-10,6.182465402487613e-8,212.27713487245833,1031,MUS
5.496077652968519,0.9059827314631377,-0.4755344026913146,1.3664888155389905,2.122583262374344,5134,814,-0.06005294262892572,-7.81755203169233e-10,1.0507903683041941e-7,170.47061231072854,7194,MUS
2.066503933689369,0.8996570538960409,-0.6572652326162173,1.4814659120950062,1.9754875665354656,6738,174,-0.39840240534039156,-4.114641196204912e-9,4.070384223482091e-8,96.13783267246559,1199,MUS
6.060584065073275,0.8672525381556722,-0.5201334285945863,0.7756927649685149,0.6118736572598892,862,1984,-0.005734297694681973,1.868262688298019e-9,1.9339346217307784e-7,681.2252575923295,8237,MUS
3.703529819541315,0.7583554231527236,-0.8953480341491609,1.8018225426622538,2.287848037515837,2036,110,0.011212271118057332,-9.473889942742062e-10,5.141383191997429e-8,176.89746569096542,4975,MUS
4.101690852348732,0.9759618345680849,-0.21946122914053112,1.576567659112857,1.2581871851943085,4204,77,-0.7126569257798661,-4.4753152305136265e-9,1.0663744065666212e-7,134.7373997938081,6307,MUS
1.0726824138524667,0.9492478559464343,0.05440001694208248,1.5069837246028928,1.8940153662994532,3666,538,0.2812449173566359,1.6455673165267598e-10,3.180256145857492e-8,78.12440818370385,2528,MUS
10.265730413193186,0.8973862831866452,0.23555808955068866,1.509485968103542,1.99882830311636,1602,327,-0.10469312517330455,-1.0255341603034876e-9,2.7732846382618566e-7,179.27371217540426,899,MUS
1.1056125469765035,0.9903975196779501,0.03429409734977968,1.4037572426164706,1.3121981389906794,3138,1194,0.8266225921016471,-0.274848283587385,5.616172488287887e-8,139.51828542675634,9849,MUS
37.560704006179456,0.818893751334022,-0.8044355984615412,0.6944436911092708,0.42438469824336716,2980,1123,0.04183465717868363,3.24462163843123e-9,4.7571406279703374e-7,739.4664821358853,6349,MUS
1.2566937059073593,0.801619523369624,-0.7570471326655173,1.2952155403371002,2.3377130929549774,6446,114,0.07556892982329302,6.822720701226297e-9,3.3264076493841824e-8,71.16036543069782,1582,MUS
1.6341014324145853,0.7536750485318156,-0.8873771302510981,2.556156684222385,3.266968497147389,6966,496,-0.04629491566755128,-1.6823008910294143e-8,2.136019822884534e-8,35.734032476786325,5352,MUS
4.9953518364475,0.9570650738689624,-0.4945487865858287,1.4562504875811164,1.515093797383926,5446,95,0.2476262058191081,5.407586858135508e-9,1.0769333859892627e-7,171.9747916976636,2116,MUS
3.763420487574848,0.9622716258959306,-0.35199699378074045,1.41857580592302,1.0654268055053826,292,61,1.6863714683345918,-1.103324198858062,1.7146714918421913e-7,198.5697935927218,4729,MUS
1.051495423550273,0.9895158664133532,-0.044255792181606454,1.163254906375234,1.7032937420872891,962,68,1.2395400613452425,3.016617118661722e-10,4.7628433765811604e-8,81.80869177716131,8611,MUS
1.7611865393912818,0.888849437959858,-0.5135208006542525,0.9193364671787302,0.7362204029934609,6082,199,0.05084872598751004,1.970845598372996e-9,8.742651130549729e-8,170.78395791260715,6248,MUS
1.5114274590733414,0.885905846070676,-0.5745680061489963,1.220620340046421,1.5191776946397604,2376,892,0.03520950111849301,1.0667366780213412e-10,5.482043221748184e-8,167.098611745576,3534,MUS
0.9739565977566815,0.9885914759462088,0.10636052881296905,1.2301618279682272,0.7000716934018265,3628,171,1.6229540620362877,-1.0292491157809557e-9,7.641359717742281e-8,143.8177211412066,8528,MUS
5.47018153582048,0.8840940345388031,0.6267134391125254,0.5102979594373234,0.13020200370294807,144,1200,0.7280787509864363,-8.199444936771457,6.554833699731119e-7,513.8072369572137,6992,MUS
1.000774625165753,0.9257061307192292,-0.5638260696989877,1.1965820012161212,1.4674584864212887,6162,74,0.1955751013102172,1.6900210448974256e-9,4.0819404605322196e-8,71.66750018718125,4648,MUS
3.2490072182737113,0.9213644859796248,-0.716018436370219,1.105291125887117,1.4557875874001809,2750,166,0.044348307189535384,-3.821590047047534e-9,7.6234996032935e-8,222.2890675945554,3744,MUS
2.6103631608520326,0.8880909002964928,-0.5069465481363268,1.5240754859148735,1.6012463934712067,2972,539,-0.02285052332858723,-8.163249923667394e-10,6.822243439830186e-8,198.8275450628147,4880,MUS
4.648133625220837,0.9685947401145532,-0.36718581311603066,1.0493055939805769,0.9513581890097074,1414,1841,0.32473787532920617,-1.555705362803963e-8,1.6637158583816682e-7,251.53774331087988,8256,MUS
0.7363104935616097,0.9872230654654226,-0.17502306851966443,1.1428339637172722,2.0435766843218746,2910,240,-0.744916308025843,2.8001822723577638e-12,3.870700202165683e-8,84.40098859555437,6093,MUS
1.381621147855614,0.9832061655796058,-0.1698450972642793,1.384951928148299,1.3052043501113133,1856,908,-1.2859712146207336,-3.3456742381001674,5.514661342708282e-8,142.45021715393344,8892,MUS
3.398786247535725,0.9552403975467441,-0.36444445990694063,1.102552450647543,1.0172125512370438,3458,1117,-0.2335503694853622,-2.6158588555946606e-9,1.4889116467459612e-7,188.98349322942684,2984,MUS
2.793225190066125,0.8829972685572509,0.5627947887302804,1.59168728643712,2.006589935442791,608,102,-0.4346815208952008,1.631555684399389,7.541441346309448e-8,156.10720817162735,6281,MUS
1.7913866074621563,0.8235705978184836,-0.20435700894384815,0.8628803211569435,0.8336557475719516,2760,858,-0.19438951639326257,4.6335491930884284e-9,8.173383162640162e-8,228.9378730835257,6975,MUS
3.944825722254267,0.9475450616037312,-0.5204542397209966,1.7615325517775504,1.4729185426953135,2148,178,-0.19628856220008692,-6.588473244292147e-9,9.070595583111697e-8,179.857859077735,4941,MUS
4.000203591417853,0.9512791404111743,-0.564305159805322,1.1906774592337563,1.2940240804576817,1766,383,-0.24194538257595824,1.929107614416037e-9,1.2466194187628603e-7,197.849977992039,4342,MUS
6.357381477333489,0.9592670565591292,-0.4388423955195758,1.4050817453474334,1.0675090745367175,978,663,-0.15365917749107127,5.0598031413696735e-9,1.7697016314330893e-7,233.62023880093116,1727,MUS
4.087953224984614,0.9842914514215283,0.10362140480064931,0.7646356961113662,0.4757958184284121,380,871,-3.2523235914274853,-2.351832611548263,3.198118629358807e-7,398.2310655871108,1278,MUS
5.0400805651214755,0.9758060554841782,-0.33099285883459634,1.2482890904981123,1.4123904817614268,26,360,0.6139878547702624,-2.978107967822722e-8,3.3713846598379494e-7,167.51661201777438,7968,MUS
3.48239322872802,0.9662643647488892,-0.12761815388379893,0.841062662268479,0.6735440881032383,4636,27,-0.9140018470418599,-1.5028943576713568e-7,1.7804947240365607e-7,321.77219875024315,4669,MUS
1.6213209732752507,0.8966065671390452,-0.7130722868289163,1.0257860418936493,1.7312227329786938,6266,38,0.49714356151164807,6.285079084554466e-8,5.2033035446049464e-8,151.13567253209516,4207,MUS
1.2038203831462015,0.8135834361555205,-0.8918987913842147,1.7014785357711686,1.4857236184334415,7910,66,0.02340826185606314,-3.899541052064046e-10,2.495882045462935e-8,34.29556776256899,4981,MUS
0.7001312950478442,0.8675952040036493,-0.77348263985652,1.323481388141758,1.1937570740262105,7558,33,0.22343464808087551,3.660075725401543e-9,2.0311186604491457e-8,36.42886665768962,7577,MUS
18.04988148227302,0.7736436653276877,-0.7115422666867054,0.8495981801105026,0.360908533823539,2258,1866,-0.2875772769582106,3.0656286976694628e-9,3.8772716465337806e-7,474.1020745545661,3771,MUS
1.3112280988485403,0.9907666875166398,-0.12391929147837491,1.4528904220203454,1.9630061054252297,3838,103,0.1178015695256016,5.5543670155560054e-8,5.5374533451049555e-8,94.62781474929398,2860,MUS
0.8048008880461516,0.9470357508815652,-0.14705173681775752,1.565076407703068,1.215193353884057,5592,10,-0.17284080946548802,-2.401292654884933e-9,3.076346741267858e-8,52.45118842207709,24,MUS
0.10732714414353532,0.5446645770315495,0.9089804837056108,1.350119809580704,1.595650267609806,448,1599,-21.103793733485176,30.741876404556805,8.400791724390911e-9,393.62198124558313,6794,MUS
3.1095264075002036,0.979285268497743,-0.2067503964970465,1.1852607254192415,0.9320056227399998,4743,22,-0.4032585074203051,-1.0746277227721669e-10,1.4108026313377558e-7,116.17806435358763,2084,MUS
2.0186742122499184,0.9627950159856258,-0.43046611709366384,1.3851427748716891,2.140358570956905,4382,244,0.18077212234838858,-4.899691094046837e-7,5.8518267886218694e-8,164.4409604985805,5519,MUS
0.48077624017670656,0.9915339251745008,0.06923849352347101,1.3078828046714928,1.106984016785013,4476,38,-0.5028021947773784,9.677201768373231e-8,3.0267323938919336e-8,90.29780370472213,6132,MUS
1.0480297614220413,0.9842099353825071,-0.08698641008476214,1.3859185154856994,1.2577534251937053,5228,24,-0.43610741923770113,-3.138469081441693e-7,4.084822323055702e-8,76.9671417600521,8576,MUS
2.7319237925084465,0.8753581751302026,-0.8274510515150777,1.3429206023400062,2.0869490824210195,5982,273,0.24263240629587024,-1.0045059363597783e-9,5.454074488043877e-8,300.9051079963323,3584,MUS
1.8227645611280598,0.9598835676723588,0.11670857940769623,1.2273919463313738,1.8585792029891943,1846,608,-0.03232937310950782,2.5160447540055365e-10,6.782865162271646e-8,145.17435770591123,9481,MUS
10.799449452770473,0.9419252435243615,-0.34141316500619073,0.49567845461613513,0.18739046806998072,436,2537,-3.0820817553915254,2.359187755563588,5.511820676701195e-7,1130.6498518529227,5117,MUS
6.275496539814809,0.9663350972288179,-0.4206082899069102,0.9764319984731263,0.44592110210716135,1128,1265,-0.0884708422666307,7.383819933151829e-9,2.552720184341003e-7,386.9782445635045,2481,MUS
4.411037003594284,0.9335707554075344,-0.6763359251024709,1.2708135120295827,1.4597166037956315,2478,395,1.0067160166297673,2.9512486443896935e-9,1.3351951613885076e-7,143.6932547263446,8560,MUS
57.3384976805456,0.9441608426831813,-0.03210230256412256,0.8030686663796262,0.5431751202231546,74,1148,-4.250698962137665,0.7584636515523686,1.6745758924683595e-6,815.600608372656,7783,MUS
4.306499143087645,0.9818722380968324,-0.0959328093316295,1.143412707671267,0.8989224217509806,4756,142,1.2134359436564781,2.692885587266514,1.7007225488412075e-7,146.62102751829545,3940,MUS
1.4405403383542537,0.988567000259516,-0.01277450289235041,1.5493870283204512,1.9517754920019181,2364,551,0.9122310292619594,1.0837691389003907e-9,5.430759127823382e-8,165.72216375991738,7724,MUS
10.862810393390912,0.9581600032825064,0.13253193402875058,1.406200837578777,2.0493889657144067,156,181,-0.8200686931365697,-4.45576868575435e-9,1.9359160318182382e-7,245.3488142381762,1757,MUS
18.929186559197284,0.9585625072617879,-0.51988124984084,0.9263522273345901,1.050452102726694,776,131,0.3299405579615579,6.79563599031481e-9,3.2071090966110205e-7,310.3151329822865,2944,MUS
0.534646385930946,0.889749717123149,0.4157013459493028,1.2496853540581871,0.977823945995596,458,157,-5.2826930551161135,38.37708435450869,3.2851751553513206e-8,92.06342056838086,3303,MUS
2.252105015564465,0.9507177341324631,-0.424371469260378,1.2768300181462102,1.3604013845031913,5058,66,0.6125494737639319,3.4471357288899045e-8,7.016554898593344e-8,146.56314847501804,8125,MUS
1.2205478046544054,0.9583457459112433,0.21194893200408035,1.670794807446388,1.767450236003969,752,523,-0.2429387561388204,-0.2161690211213387,4.7856748694699943e-8,73.88440415363384,8014,MUS
1.6749955489962012,0.9074556513861043,-0.7002964492805138,1.5718355990390989,1.4759282031764445,6374,49,-0.029916566545815843,3.430369723423098e-9,4.855446606376413e-8,132.40276265589253,1970,MUS
2.0265718297666164,0.8636492961554687,-0.69492392155333,1.3661246568619272,2.140932695522352,2068,442,-1.3234879130260309,-1.1381607964579309e-8,6.549496880233119e-8,208.85568650106117,8509,MUS
4.429072653565277,0.9617321625504331,-0.3993612351648023,1.1176663676265002,1.1466441545027417,50,72,0.44630626717719624,-0.11600208800285743,1.7738885073945713e-7,140.11397960563326,4263,MUS
2.2529921423783468,0.9814660761000014,-0.1408433937114233,1.1630434493610942,1.3959730538956348,3280,300,-0.796965002049983,-2.1221328799443092e-9,8.845610196863055e-8,154.81019682870078,9036,MUS
3.7744643585209134,0.9809797364708801,-0.2635729188739392,1.439445733529264,1.437157830910189,2876,387,0.28276075577399984,3.822361738770224e-10,1.2237275161752239e-7,175.7474216069591,4998,MUS
2.3357170174852753,0.9048175666921378,-0.7098675648324275,1.4101199099383128,1.3652587597012757,6434,194,-0.05858491431303228,3.1432326821465425e-10,6.689899981502535e-8,216.8762750663704,6969,MUS
1.2275169996923756,0.9912124047941898,-0.046499429283125296,1.4051049696567839,1.1078509541392019,4176,94,0.011921055341336568,0.31204657271415775,7.76139216792317e-8,139.24270916759124,9830,MUS
19.060324084004666,0.9399720349153523,-0.4396939456956297,1.3124879254280635,1.2986198404896463,72,46,0.033745852471087114,-9.658923625375184e-10,5.114856938368507e-7,226.63436208972132,6946,MUS
4.665181943760631,0.9167877489374141,-0.6848692699144343,1.833014332257988,1.3615035076521966,6282,142,-0.010242638763297875,7.196576005202017e-10,8.898995156729177e-8,277.4630102932822,5633,MUS
1.5731438533203719,0.8951224235853115,-0.2904738954550428,1.2977106824172724,1.4237074629235935,2114,660,-2.348278551769728,-4.152252757766411e-8,9.727968823510322e-8,161.79217800708,3210,MUS
10.185118161184272,0.9752714954268046,-0.36101999663582396,1.0796799038617997,1.0768847813223326,754,718,0.06396594208573668,-9.560247104826411e-10,2.9398876732977473e-7,264.4611444780106,8891,MUS
1.465692622488062,0.9758650970424776,-0.21604541076439226,1.3168100381247998,1.6087846959627392,3362,36,-0.167572526801976,-1.8617089092755756e-9,4.925442351396843e-8,72.66235398559127,9257,MUS
3.075832362284792,0.9320856953686718,-0.5707906405801323,1.0741943147490913,1.2185615828760277,2478,1125,-0.13626751739550572,-1.8708105943729573e-9,8.98802623648603e-8,312.9159416677224,6705,MUS
1.4832226041411738,0.9902953065328818,0.08663046487925503,1.118356073068552,1.4204490889340768,568,138,1.4655060929721042,0.8499833031247065,7.595824072727625e-8,249.85267734624563,2863,MUS
1.1391873253833458,0.9881439003817125,0.16823235286404137,1.5229209909682555,1.3736050928830785,1852,82,0.07894736795658328,-1.203988102776551e-7,5.6120519409621585e-8,166.0455438867697,7935,MUS
2.0485781687411504,0.9503345775701916,-0.342627770842554,1.5048659765739694,1.279187828458558,5386,111,-0.032552183719866595,5.543223403970431e-9,6.280192527919642e-8,95.64168615600654,6996,MUS
2.368328970132871,0.9896719615467179,0.040386094958486746,1.1803361925783116,1.0508658525177248,356,74,-0.46853673605171964,0.2007189606161648,1.5315933518303937e-7,210.36467880456232,2072,MUS
5.627353715973795,0.8921097106142444,-0.7842764741756827,0.8635633858964309,0.6295558234071932,5008,569,-0.1655206647328367,7.691495803592482e-9,1.4141594932040072e-7,549.6076104801461,6388,MUS
1.1506326161890574,0.877239625966781,0.6122732936718867,1.4107104599765266,1.3935305399658535,2530,501,0.26992210564227304,5.744196669387723e-9,2.9487351561299016e-8,83.63991856036778,2504,MUS
1.1207731483747956,0.9878284670092632,0.17666979733475732,1.406527963990544,1.503761180963668,2922,281,-1.3481722914793863,1.175879232475249,6.177791379842002e-8,287.1193642370923,478,MUS
4.343288146435608,0.9869906067364942,-0.010027522193587856,1.1971831803792217,1.2280941790515623,82,1628,-0.2217500688336474,5.443740312773181e-8,2.4582886727586666e-7,327.23764050268363,8354,MUS
1.5147336610302327,0.8521075549184203,-0.9060912379738921,1.2127140491328234,1.8200425819682962,7946,234,-0.007802136306466306,-3.342509577103643e-10,3.933593853772107e-8,96.41377414246092,8817,MUS
31.129041919434375,0.8339450354642054,-0.6797968874159993,1.3176214508066577,1.029463286338831,1062,1249,-0.15838524684261562,-1.0098874927154496e-9,4.1485698394356105e-7,499.899708053794,9377,MUS
1.7640505924792063,0.9689121073088379,0.16567940002807627,1.3662689784711728,1.4454519738970795,2389,979,-0.030497196742274732,1.0277046237131777e-8,8.963096062959753e-8,308.37968419491057,3572,MUS
4.992040838295076,0.8905230876703545,-0.016718870473368015,1.9418654481773263,1.6570722819033274,3758,981,0.16103923621124883,4.3210712329844407e-10,7.986409418916795e-8,353.4956971525227,8744,MUS
2.9404923662600093,0.8704738914545082,-0.823119307315825,1.9218251598266944,1.827286375488656,3972,88,0.1709954517417107,-3.2244270919922888e-9,4.975496574552282e-8,148.96646350500578,9679,MUS
1.3612277151824579,0.8732266480836136,0.49627992285659855,1.3313079881075214,2.4401962248038744,3196,41,1.112951444170293,-1.0391453637604882,3.685627657075937e-8,86.53731555818828,8166,MUS
1.9259049727573183,0.9899415544145821,0.07906164000388817,1.6782218054031475,1.646230563676064,4684,106,1.1383813790423796,-4.634842279883053e-8,7.717599211735675e-8,168.64503284856124,1684,MUS
8.903918689563763,0.9682847271050945,-0.20404776321096504,1.4911105093229051,0.84670291678752,592,269,0.1730278031855024,-3.793882228870426e-9,1.5397681142246298e-7,207.9171864526054,5806,MUS
0.005350302498076227,0.5454123870206288,0.9337774624863759,1.0908587321886751,0.5949863867961418,50,76,-20.877774196898567,60.9820947266306,1.5983943068088172e-8,79.58795431687389,9951,MUS
0.7600016545475108,0.9132869238684077,-0.27405035357730057,1.1631434709382358,1.1113278323885851,4832,233,0.14232351127893061,2.2808408196756715e-10,2.58021884904891e-8,23.78916616455372,3329,MUS
19.38766275777788,0.9540376561698515,-0.4760846600061264,1.0777269463964299,0.8612254083578211,256,625,-1.2713119537263402,0.9452219081380046,5.244257245438629e-7,338.844655441903,2928,MUS
4.174843342316948,0.9090652910516884,-0.4703875393172843,1.5172584648277851,1.6531846012960734,1722,117,10.572351583948155,-0.772262538778542,7.031291523781806e-8,146.52729286349128,4807,MUS
10.41256267015948,0.953055367918156,-0.4139522021968163,1.1450997416580773,0.9138213825718521,1700,1347,0.16631553902520207,6.83779847005078e-10,3.1527381012484455e-7,428.1397386744098,6523,MUS
5.856167985206759,0.8471566629681129,-0.7536064350989145,0.9587134384060926,0.5574917816639654,4244,918,-0.12731870795447325,1.932975341159444e-9,1.705738238850856e-7,649.5729761534886,6910,MUS
1.6039493706680423,0.7091822066459413,-0.7397771052591757,1.2141266159681452,1.8590837393308597,3162,1966,-0.07769785489447235,-8.41882748267389e-10,5.519975595004205e-8,157.86028685951868,7088,MUS
1.4692984396610076,0.916399794247599,-0.4883521020064705,1.107231769220778,1.0445222982229052,2614,409,0.2181069558354789,1.6266656315033339e-10,7.10936861068404e-8,169.4182160058259,9041,MUS
0.026351954323623937,0.6459080764638853,0.8556788287113773,0.7044089876200741,0.6803731523914537,448,93,-49.199834664430476,33.35101500016406,3.1491613224756064e-9,20.860899070198606,8004,MUS
2.652855761611541,0.8862220273930419,0.018788040216346315,0.9043046695192939,0.8029927055650747,658,295,2.1839295369364216,1.6867413516476653e-8,1.5834826671672105e-7,255.3429736801359,2490,MUS
2.1439578833489508,0.9303806334628992,-0.2410123682452663,1.3437623274751909,1.0502297456594527,4807,396,-0.6393016040903187,7.626067024634737e-9,7.146608643576896e-8,162.41262139858532,8408,MUS
1.3605376115153875,0.9796125640365297,-0.2766522445712339,1.7591096985662669,2.1788029486540883,5124,117,-0.7104834506936313,5.541961704197962e-9,4.795774960256753e-8,128.04905783508627,3508,MUS
5.842992676067709,0.9094983925901435,-0.5580566697513074,1.139311109011057,0.7688739770627888,856,137,-1.8413949291877382e-4,4.859603266290358e-10,1.456583153082977e-7,268.4797179669623,8058,MUS
7.087210392094586,0.9199718362819927,-0.6553105782629083,1.3094566213870946,1.0340044966437598,6257,14,-0.1434259510480644,2.25774820989276e-10,1.7468356704878952e-7,225.55532045487186,4456,MUS
2.0095950548141066,0.9470521679241137,-0.3980082035531539,0.8117071347469506,0.6487714763008827,2158,387,0.34943402535902834,-1.636953417455195e-11,9.591519438296315e-8,143.62409695165962,718,MUS
3.7333025560007314,0.9509168897924812,-0.47302098445583973,1.5703582493947077,1.5749057399793982,1706,266,1.2444234828744365,2.4363765456104427,8.278814354350232e-8,154.39882783172405,8535,MUS
4.562379962651591,0.8953719346776892,-0.8026586846212841,0.9390374299925046,1.0414427303249099,5142,64,-0.2204555877379716,1.0407228821282352e-8,9.98813116833987e-8,222.82883315142772,6485,MUS
4.516896486579415,0.9158367593213161,-0.5623681552830929,1.6444114324548535,2.185685143936715,4796,182,0.8137250313340632,-6.518061831292319e-9,6.095915280495075e-8,75.12361885839309,8114,MUS
3.239497617169666,0.9158793926260403,-0.6315541918979399,1.659046832752559,1.976196076478425,6603,120,-0.6548281166386616,1.5292002699528176e-9,6.348252235084228e-8,150.4840300376651,1332,MUS
1.1851153308915263,0.9444363153475088,-0.3319017277639186,1.0152099139031134,0.9445017659289756,3162,136,0.21851679502312765,8.888895781717811e-10,8.425425051467821e-8,173.1812338807525,2825,MUS
3.379903433999346,0.9664199424737516,-0.3021032331041521,1.3721716981768857,2.048595349240612,5102,304,0.40681087558353796,-2.3964726309200184e-9,7.680703914264169e-8,183.29635618417146,681,MUS
1.8730304226435885,0.8965441155472639,-0.17614002447714372,1.1531465495237483,1.324849398054119,744,463,2.8449427942031353,0.5353022918182535,1.1284423585290768e-7,144.11394754941966,3306,MUS
1.8491772007776863,0.9587137841341977,-0.43350900431401734,0.8825746467527219,1.0995040685106265,4792,580,-0.35263390115276294,-1.4449746261991954,7.262019154600148e-8,220.9531921385842,9451,MUS
11.090760094583928,0.8863572447447744,-0.5866031274169066,1.5287911300477206,1.1328477194523356,6222,96,-0.18141127344843616,6.094726116150067e-10,1.6177118359278645e-7,285.9381748758412,4302,MUS
1.2763555107559192,0.9682385774023977,-0.11940374620301628,0.906214265796782,0.7073785168308667,2094,496,-1.6910971501322036,2.545379321378762,1.0770986241735875e-7,148.08976857821878,6121,MUS
1.1094479902934,0.9889993908364483,-0.1480750813574579,1.233811244950908,1.0065328627235115,2890,208,0.6935451934299398,-3.0130821582926593e-9,4.525857264759717e-8,70.59948963493315,7946,MUS
1.9236650870194918,0.7867488333560009,0.5676266961383011,1.4870221694531374,1.114009161967821,1500,1125,21.636667568071857,-24.540279404919115,6.883865029803857e-8,143.33794553002886,1696,MUS
1.8096512119271553,0.8214983916008162,0.7065522666470424,1.5434702376760139,1.9328839578386694,2460,71,0.2846083841533763,3.05813474872446e-9,3.41669444987233e-8,63.622105649266395,7748,MUS
1.2571716340343195,0.9821054089733446,-0.09752046323465463,1.364956894666573,1.171988053075235,3432,356,0.6957671006362799,3.1414016647780623e-9,5.4993973396289503e-8,121.81952586221072,5164,MUS
0.8032958853098014,0.8013731077895001,-0.10370063166697503,1.347862518073893,1.9226015983533309,3364,66,2.2447053298876964,3.887914393374734,3.7746684875092004e-8,104.16033763917623,5551,MUS
2.5394120818965296,0.8814295701876955,-0.8397748486994197,1.1720126875305164,1.4863980925557465,6712,44,-0.04015942285739142,-1.0461459466983914e-9,5.8217061068154985e-8,224.37014910304273,2708,MUS
2.5546769709178827,0.9643906336496721,-0.27704652449855577,1.0866929605785145,1.0911386665566578,3306,707,-0.23936917351629883,4.146494314583879e-9,1.1350106669533181e-7,209.56651816370874,8430,MUS
18.928782404934548,0.8682785211391075,-0.871947340096432,0.8350971869850807,0.693414166251587,3314,398,-0.07788604927617028,3.392740096112486e-10,3.2022107057796447e-7,424.48418974520627,8735,MUS
4.714740463511219,0.9899875863849468,0.09198788144511795,1.7535096898054436,1.7041968993239784,4712,105,-1.2334010220065497,-3.3127607536875772e-9,1.5830748899235774e-7,416.2371755561202,4503,MUS
2.5614815763371683,0.9829027491569569,-0.1544159494515377,1.519147642834838,1.3544115767264635,186,86,0.1794183557643011,0.5521549849901747,1.1336362831451132e-7,157.5343254733685,5491,MUS
0.9642488479910402,0.976651756919832,-0.018522445520902733,1.4219531704225132,1.7993601149760163,3166,1024,-1.7608559156110015,2.1501243777141674,5.1597739657770684e-8,102.60549576215992,5574,MUS
3.9030503219327164,0.9318581152488495,-0.6460516730072883,1.4188628044685538,1.508476405455713,6786,41,0.27343223420985346,-1.742077438966225e-9,6.664329938396243e-8,284.8833307013456,2913,MUS
4.689495204470397,0.9633386061967955,-0.33528250158642287,1.4022051489200813,1.1257742886458288,5759,44,-0.16784585908226773,4.758781996303088e-9,1.2431474654509086e-7,235.45926707271946,3425,MUS
11.51393499732166,0.9623488627108873,-0.3393861047297537,1.068903249991883,0.6498516678879624,2886,411,0.20267225533280878,4.092189860598199e-9,2.86314942341474e-7,553.6024495231494,5523,MUS
3.2807760511130537,0.9844288292331617,-0.13783046527132684,0.8929456080808824,0.7179120719051382,468,1111,2.480612479252406,-1.659529289530875,2.068079157763251e-7,208.4619324806506,1760,MUS
1.4501551182013654,0.9519465755649064,-0.2073193855145888,1.2377926327608362,1.5797850449681974,2672,735,0.8911468853593958,-7.414165870932802e-9,6.428108653758643e-8,143.07886917805322,2359,MUS
7.746462178572792,0.7046957442464522,-0.8382257130260035,1.5546898009518588,1.0666051595200527,3380,1112,0.018571822809021248,2.1712008203036273e-10,1.6176738836837304e-7,489.54619526384363,2120,MUS
5.337515017112564,0.9146204080173788,-0.5541133164646346,1.111862748610081,1.1395130195121779,3554,462,0.042069599357239154,0.7494451699903505,1.7135162003418488e-7,305.51237987351794,9159,MUS
14.45091553665391,0.9633619655370328,-0.015617710233162765,1.0862337340308141,0.7631738779152625,1764,123,-0.16935126685963692,-3.9812024263527586e-9,3.7204608418055564e-7,259.94805095216486,6145,MUS
42.515431431546254,0.960999713043273,-0.43143311037907,0.875054828721842,0.6855771085018003,286,1096,-0.091070994503145,-1.44579155375886e-9,7.592081235965834e-7,470.36185346242837,2118,MUS
2.353761280442254,0.8617602573043306,-0.5049471023154533,1.4218440779732355,1.2445038132369433,3936,1284,0.3754662319874374,-0.5136156795682505,6.314186048475339e-8,154.1350416747383,2845,MUS
1.109749518147603,0.9913247958712292,0.04018153539006249,1.3215957995283374,1.9768842961679862,366,53,0.7828614924959321,-5.59744063018048e-9,7.403206780442498e-8,150.22719103958607,8109,MUS
1.6204183499560065,0.8912490440425804,-0.22227091229306012,1.0978095223199071,1.626341529446558,3613,901,-0.5403636763550402,-1.9970073177659617,6.272094488220723e-8,236.43776825692925,34,MUS
1.3731862470406062,0.9899073417124052,-0.08911633746370869,1.1755338880293793,1.7425818710184866,2626,441,0.8021219783952696,1.140462428565308e-8,6.907004313236783e-8,121.66155482628878,3412,MUS
20.2660705143059,0.968052312290188,-0.3146528948538454,0.8205804983710417,0.4429865375760015,5060,25,-0.14337794615097538,7.963317183963193e-9,6.946176730360017e-7,594.9954706016307,8773,MUS
1.3035238164937275,0.9876435426934492,0.059373431726209396,1.272464021159585,1.5261964550350897,2670,1218,-0.7788230209813112,-0.5584541949062611,5.903991936547784e-8,279.9548365164906,3645,MUS
1.7729573401672076,0.9398602360464584,-0.1912525358070346,1.3327066147457298,1.41352442779635,1644,172,0.24021888604513034,-5.67107740672242,8.124195872823828e-8,207.32529468700483,9890,MUS
1.0974502976237794,0.9863951429861387,-0.20565634904208455,1.271423648906752,1.0814971955052335,5562,33,0.11281092050666114,-1.5435334434053452e-10,4.8637752877005276e-8,159.46858265342252,8229,MUS
1.4366463267930152,0.9898908833495574,0.07594459730908981,1.1980659119492199,1.1279924985987408,730,65,0.6546239767109276,1.1978583961782565,7.086364730317584e-8,134.2584878112312,3844,MUS
2.5949457524562773,0.9723005473306783,-0.3644970799816451,0.9464542112811136,0.7030407541376272,2468,231,0.4157216611695074,1.7285117935486557e-9,1.2994635413043884e-7,167.38483130601497,6838,MUS
0.7006492085938055,0.9113401437805936,-0.6268815749658863,1.47084702288901,1.264583398631257,4450,212,1.4592395054902794,-4.252546198202987e-8,2.4659704854223604e-8,41.610403081979015,6231,MUS
25.259377902623534,0.9552068265758429,-0.4557566515825639,1.2377296484825009,1.7353263573400122,18,15,0.32181971141105664,8.859025771762104e-9,8.414961876518789e-7,139.96214433684156,6165,MUS
2.1112732476388087,0.9200210345804161,-0.4076798684725113,1.3007166736116145,0.9501912641920692,5367,218,0.11705337499992621,1.0273341840288072e-9,1.0096736664108358e-7,133.17152796077102,9340,MUS
1.5324635294418314,0.9868513857915131,-0.022317201530758772,1.3294940494971779,0.9937456025126459,2898,721,1.5001254515385676,-3.83310038583513e-8,6.061083906486578e-8,211.54753226946244,9423,MUS
7.645212339726046,0.8873869197088491,-0.4688899895603325,0.9963572667126901,0.690935402649388,3658,505,-0.1073833487555179,-9.118864194612276e-12,2.1495018953382936e-7,479.9161184450056,997,MUS
1.9853440079901379,0.9104020234565536,-0.3506016265365149,1.5378832088872403,1.2944015666662592,6326,116,0.3126040871473402,-1.7812389825230784e-7,8.997633503748836e-8,71.96963452656578,6541,MUS
1.0986111314677347,0.8280663124926814,-0.2424699927245238,1.5404905483947267,0.9497814135823226,278,206,-1.841190393520429,-5.638736870894875,7.265019622820393e-8,137.12865322771003,7197,MUS
2.1405761479220127,0.94192890178214,-0.055932275789347445,0.906271671741446,0.7203269182689137,692,235,1.012228872585184,10.765676397354145,1.2001230444342913e-7,250.42061043625367,4691,MUS
1.077098136995208,0.9469526013680258,-0.44756890628098317,1.4554181277657778,2.3960730890265793,4890,73,-0.538905510621913,3.077326221326566e-9,3.7160370629023e-8,59.220652683062895,3491,MUS
1.9607220264402814,0.9709257616350736,-0.09812894562971784,1.3366631991391085,2.1361796381251836,4146,56,-0.30996029148951715,-1.457610916563295e-9,7.583491097129778e-8,181.9761017163121,9697,MUS
3.2735320090197804,0.8864152656376596,-0.7501516465558962,1.0591751152217799,1.3521064570962078,4608,455,0.015048746260389472,-3.833537347273479e-10,7.396984848673664e-8,179.26850447896368,1713,MUS
0.527086837878331,0.8811181429160724,0.5883263138299095,1.2586396583721138,1.3175686418985817,590,333,7.219847216878427,-15.954025055492794,7.647733617706866e-8,306.23342129911674,5064,MUS
3.373838026061093,0.9314102204580591,-0.5878947140065549,0.992459125169667,1.1548294851359555,5482,285,-0.023989596434770395,1.2619025648072338e-10,1.1623829367737183e-7,187.27308853638965,7891,MUS
64.73695736971699,0.9149327208288914,-0.5611436467572537,1.2664565891635502,0.7389945554440985,5204,102,0.4762648564654298,-4.5129353146714576e-10,1.8373305937564132e-6,239.7810097864658,6902,MUS
3.23660901983575,0.9873791626433956,0.0031785754561164284,1.190209525854326,0.5916882224788732,4154,192,-0.515051897620431,-4.872862750224767e-9,2.2045489293150757e-7,210.0382619213503,5804,MUS
1.478511589110901,0.8762691981683284,0.22870257506085498,1.057384386176285,1.0150095118123814,2154,488,-0.9916137733989521,0.3298559269375276,6.363072475864269e-8,217.42722822405432,5580,MUS
1.5994268908902918,0.836929643039969,-0.32177625222919914,1.6057223989164597,2.046668777618725,5819,34,-0.08691727225829018,-6.659740013587203e-10,3.413301071694143e-8,71.05797976365737,8916,MUS
1.8071077563575304,0.7878061033585559,-0.7688782724849226,2.065047217877403,2.4377190090945526,4744,1152,-0.04384053543425775,4.0166611547224296e-9,4.673939614165867e-8,269.05787903453523,3379,MUS
27.497742634624558,0.9576032911728233,-0.08598216749729405,1.203961067228786,0.7932035265929928,26,365,10.255636838409952,-3.9178610807627887,1.2481455312073594e-6,244.9665566816039,3005,MUS
3.276092173421838,0.9467179864515057,-0.07069906393272714,1.6436468743738955,1.8085139755531996,4942,510,-8.069493084230412,0.2583729912305894,1.1384258501775442e-7,329.2308560067357,9056,MUS
0.7759635892110495,0.9891983752956354,-0.06945162719121517,1.2398317839143296,1.109292640328823,4456,212,0.7712842142757114,8.924295759197365e-5,4.828137130854115e-8,83.48685842037936,8812,MUS
1.1184294276600486,0.9892755413864556,-0.08806542305339198,1.3317471604995734,1.36902243866343,3910,252,0.7430201200797368,-1.8266242983678295e-9,4.9191711700487954e-8,172.09446807518856,9125,MUS
1.953331673480318,0.8276640609121528,-0.7091224454400253,1.3898300041314204,2.061120173643218,4798,617,-0.011991979656992105,1.290826281608978e-10,5.065679524769798e-8,290.66514336247525,5131,MUS
5.173074437799286,0.9581761860122012,0.02650951647593484,0.6653480251217381,0.34943012800686984,352,1192,-0.2682611011763708,-8.118925416403853e-6,2.2234021867562425e-7,970.4135865741229,9409,MUS
3.5049485107689,0.9595295523071572,-0.42539475632398827,1.373807030576233,1.853084367097265,708,71,-0.42931727452186846,-8.457874528555353e-8,1.0315358204761715e-7,172.49335804646532,8427,MUS
4.315413439108095,0.9811415218929063,-0.1251336813809316,0.8533902768028939,0.6150992430233658,734,123,-0.8299097094184325,4.3808593892891794e-10,1.71435411912444e-7,281.6067049785819,3428,MUS
3.6016138385331824,0.9714775590751691,-0.38282554934831514,1.2417483044686717,1.3589153163403156,5498,55,-0.7049945136307947,4.867243630268799e-10,1.194633267323742e-7,145.99222993466006,9469,MUS
0.9672044576842074,0.9677064129073373,0.17645862275480545,1.5485669835330436,1.840445284544436,3436,248,1.3776622246224985,-1.3607012473783677e-8,3.487166009555263e-8,134.37925974783525,6578,MUS
0.7279767516868656,0.8918397676915489,-0.2999550084758487,1.3607673295900988,1.3775383614240695,3530,186,0.48279087765946,5.782478496196276e-9,3.843269867940363e-8,107.63646441747063,6064,MUS
4.746300658644876,0.8275823062959443,-0.8010644631472826,1.9560792206765993,1.9423486498669202,5800,121,-0.19324921360048025,-1.467006417152837e-9,5.949513395313909e-8,166.19071923511478,8237,MUS
4.096065953717317,0.9685916080078838,0.28210028418248523,1.0782557550318481,0.6358994353555051,2094,296,-4.258887314780304,-1.2943547755988574,1.929598520130839e-7,664.4126186657035,6530,MUS
1.3920822052028108,0.6156779521951865,-0.875066225553091,1.2913804865582073,1.4154136338876313,6610,581,-0.004798352947992399,-3.364650800822862e-10,3.3993312738622576e-8,126.23199252457425,4198,MUS
1.5918768306014117,0.9147965112354182,-0.7527089540867317,1.2613251689241871,1.624961579561973,6288,58,0.31341201533942403,4.0165052954296195e-9,5.107122063914228e-8,119.19362775239641,8033,MUS
1.2348837678711826,0.9224675875943471,0.42419162808747624,1.1795974223381296,2.010512342609683,348,56,0.015599412026424838,-4.073836562913937e-11,3.351774269141615e-6,57.78301334138443,454,SEI
1.4824793694418332,0.8588641422361583,0.7168181097768694,1.3353196002105832,0.8601389223372266,253,12,-0.04132051167626604,1.0704405546927737e-10,4.056258092156168e-6,27.523939073516832,244,SEI
2.696645560694738,0.8726267505627193,0.7042655844384278,1.3156867951510576,1.1650391933437196,363,347,0.02961002553820826,-8.388544905220181e-11,2.0580891541674996e-6,146.85774613139156,1281,SEI
0.3341183987288454,0.8805520524932198,0.623913566314479,1.2133820693694137,1.088850130584219,268,7,-0.04765440825407111,2.0835590274969151e-10,1.941931880353192e-6,19.974702942550483,701,SEI
1.754481477053614,0.7655680948659259,0.8765756867237523,1.4911134047404047,1.2565140348200479,138,53,0.011461131146852594,1.1342373612938691e-10,6.63621133749542e-6,70.46610635908966,399,SEI
8.537475772331819,0.7954054509554355,0.8648498158106083,1.5983160955947118,0.9995464436587382,160,280,0.03283120363175494,1.5145681000792656e-10,3.209080407827606e-6,284.5025938057337,1346,SEI
0.5402349330578402,0.900713957550622,0.5630403031004284,1.0471491641454442,0.9266626650189855,323,15,0.5129495800688092,6.224620351770093e-11,2.3002500513742687e-6,8.644182895538053,394,SEI
0.7051226578564964,0.7888373468668551,0.8742604327238469,1.400299409273194,0.9096811417154577,84,13,0.13018097933757147,2.0381503165293872e-10,3.526042929977642e-6,66.18585457035664,528,SEI
3.14124399742329,0.8013415388913582,0.8662183353984445,1.710771380339838,1.1871635878531648,84,56,0.13450031925540581,2.581159736518457e-10,1.8904342837220595e-6,301.83540657189,1574,SEI
0.575223190798243,0.9029946498447929,0.5639040936847939,1.1048380778871194,0.793530142903399,165,37,0.18110540337579203,3.0387313620657146e-10,2.3561550043004746e-6,13.677093611046885,631,SEI
0.8331544219064584,0.768339928663045,0.8803633644442821,1.869287050746797,0.997257430478909,178,13,-0.5537134199445727,-1.030351768203055e-9,2.370504590944856e-6,38.906740677450145,584,SEI
1.0982132239302322,0.8231385028592142,0.8337238915813315,1.5131987472451633,1.1664770212919486,489,13,-0.5281685947580322,-2.445012618616825e-9,1.0107336957700358e-6,117.89403369875802,1608,SEI
0.464872758068443,0.8463337043255108,0.8112965452947433,1.603026753808963,1.2238953492239317,174,20,0.608694118036519,-1.8506440578311774e-10,2.188728547493946e-6,15.52802377582473,987,SEI
0.2517166622196987,0.6899747415310276,0.9601551027838219,1.9060227482966279,0.9080680151612207,93,11,-0.3220854923330319,-4.0676201152147534e-10,1.8211426074172365e-6,30.36801390584244,414,SEI
0.67912857562357,0.7464535835973328,0.9430246346265628,1.6261640621833755,0.9507258967565998,276,32,-0.15528453293718117,-1.9017394805946385e-9,8.660985052061853e-7,138.08124783004777,1438,SEI
0.596116280294242,0.8236666015753844,0.8307625327498321,1.565437505228898,1.3174565686881814,180,13,-0.11104294949545386,-1.4695400183971066e-10,1.969343165643514e-6,40.30525588438883,789,SEI
0.47834457553747206,0.7596102552740929,0.9167100240573491,1.9666654932791616,1.1286897233235034,124,14,0.1725191880209174,-3.895646320561378e-11,1.8906427290397068e-6,25.30196729685126,842,SEI
0.8907681822241086,0.777319326858356,0.9122555410320812,1.6288448408070724,1.0686677356873118,218,59,0.026995812891538688,5.703144398905617e-10,1.0422698406342166e-6,183.91974548581453,1866,SEI
0.6506318452289095,0.8715913099171387,0.6837943542376542,1.3826077845373246,0.8760264136715502,272,15,-0.06238253401150513,-1.5576085548397143e-10,2.2700584037821325e-6,14.248804989060949,346,SEI
3.558430849964922,0.7870612258828326,0.8500615069154555,1.1841940018295989,0.6910424191389982,150,25,0.025352562231555627,6.646541717107706e-11,5.73928185864968e-6,114.63452672172733,223,SEI
4.942276045114014,0.7902362828026673,0.8464075356987918,1.3239580283927062,1.1416047930748647,178,212,-0.026651565127989205,1.4061328932987986e-10,2.9608699936580033e-6,354.02681780659583,1225,SEI
0.504474420733056,0.8909321221360958,0.5847222945083623,1.427165130637918,0.9127109807870616,302,7,0.23499634581797854,-2.0883054665715073e-9,1.7959231642586394e-6,15.1733481575899,935,SEI
0.50091240447305585,0.7512283033580833,0.9060022037634976,1.6816502344693516,0.9327116471721801,139,11,0.15989729595173163,1.0133007961146155e-10,2.141317381843595e-6,26.258614354867618,397,SEI
1.8294465509889848,0.7887352517277288,0.8899487291149603,1.758417286835897,1.1387310025116308,453,12,0.1864565470263395,2.9707671314116983e-10,1.16051456321997e-6,210.8797871498005,1421,SEI
1.6904710294625676,0.8415998021163472,0.6944317331460352,1.2224604337864162,1.5199136127409085,211,87,0.06908446010359384,6.323868836532214e-11,4.395023384713416e-6,32.568026857228006,435,SEI
1.7423699211268933,0.7388619021006179,0.8423098439396415,1.0706005737276272,1.2845401061226873,195,16,0.006886333507254008,-7.915212310427905e-11,3.6746237308583013e-6,33.87629880106884,564,SEI
3.535895964918472,0.7677336511057277,0.8212215249977134,1.2293136941017258,1.3690479034993897,419,65,-0.02934539777685929,-8.945688170851511e-11,1.5163018083898274e-6,125.58120174285095,1588,SEI
26.66548134090758,0.8375109308257818,0.6535762292235725,0.733361452019964,0.5053865163059142,18,50,0.13823743632137986,-1.669641590799401e-10,3.925469542465181e-5,88.11498961312105,87,SEI
1.9116629205614433,0.8594855616152146,0.6590796038415733,1.2474886735575255,1.5521074115922582,288,12,-0.056310973241889356,-4.800114282851538e-11,3.837337373969759e-6,31.89885718033332,164,SEI
10.592548617451921,0.8748264204467786,0.6565896782682172,1.4228931062716506,1.287693690541754,82,50,0.05094173042535241,-4.885159119632877e-10,4.095032447655107e-6,78.11303316480338,87,SEI
6.236959305250091,0.8335600842124624,0.7030092287802867,0.931688314724501,1.9299007364011083,178,62,-0.006979865260870457,1.0174896498950753e-11,9.14430068636683e-6,132.49609159330203,107,SEI
1.8983831847010861,0.8172349709849591,0.8269694224874053,1.1507120335651504,0.843845333676616,216,21,-0.023744205028520805,-7.163465474680333e-11,4.5176311808424376e-6,36.28034358504583,441,SEI
3.6897556068149706,0.8362251432783987,0.8040364210119829,1.0713627443682374,1.072238371736808,389,61,-0.031190005559046236,-8.730913457401384e-11,1.7463624876034063e-6,95.37327722306168,1394,SEI
1.797519597302693,0.8777708799662375,0.4530873001901027,1.271604576013837,1.2553121680198889,172,11,-0.06130953844515637,-5.2784288308183344e-11,3.831899344082133e-6,14.476811075937663,249,SEI
1.5787783411064522,0.8684262900537131,0.5985070528927352,1.1873530577048508,1.1460594029711701,198,9,-0.06936586090617304,5.1134432017074773e-11,3.8123339234861895e-6,16.827912650876172,611,SEI
1.8721745580054832,0.8869153097904702,0.5495767803999971,1.3620101270037321,1.7543250786361781,334,31,-0.032625495002571774,-4.898569534644158e-11,1.0787941906303258e-6,35.197328970410666,1360,SEI
1.1693801566460822,0.7891047421221449,0.4936062434612023,1.0907620507136888,1.0345532100892683,257,29,0.192071007152457,2.354933913977953e-10,2.6615689591673185e-6,20.20672683616286,188,SEI
0.5609713806812364,0.8288025248092954,0.5164229174693931,1.1303819906238233,1.020448489653973,329,5,0.25611849586393454,-3.1267908770570066e-10,1.915461873613551e-6,15.36237396295688,383,SEI
0.8707718012424176,0.8284127922866289,0.5067420584507879,1.2356471555872481,1.1066558703380343,610,30,0.01723380043888613,1.8215389598586983e-10,5.661475554933761e-7,28.40351299202056,1407,SEI
5.210641805907617,0.7958681560545637,0.6147765022030466,0.9960454908983429,1.1494597763415533,88,46,0.13691328659806373,2.1167063346363156e-10,1.0343235359340853e-5,29.41930429282953,68,SEI
4.480794909031837,0.7628653423566463,0.7067202415459336,1.026435583755533,1.1582787245501602,254,18,0.014736106257332597,-6.515760350371195e-11,7.164426916846887e-6,36.999707084923386,146,SEI
6.7801515222748225,0.8012828721029854,0.6891262651807363,1.1819089130958076,0.9499142391306927,474,50,-0.009349361291613744,-1.2837786719505856e-10,2.61014659004673e-6,96.48006322637792,1170,SEI
6.960992245610738,0.8674173843413254,0.559031253566105,1.087173340615781,1.38597456137578,178,140,-0.12567230946784233,3.325839644980551e-10,1.3682627976567945e-5,128.52261277134346,172,SEI
2.364338962116413,0.860025564285765,0.6912103458190019,1.14776745584509,1.103837906087711,180,37,-0.07203227549367418,-1.1201689190048736e-10,5.183163465835969e-6,57.85283251490694,154,SEI
3.385358205411193,0.8801267483169346,0.6548773054332374,1.2289898258924006,1.0757616466674904,304,139,-0.15131542770664813,7.217452664424014e-11,1.925883133044587e-6,132.69715169017164,1178,SEI
1.5330964036174979,0.8861942859900241,0.6901491479775146,1.071599296545575,0.6284240563987148,182,20,-0.14418736397109375,-2.5315479615379557e-10,5.266389767379254e-6,76.51219972758625,146,SEI
1.0001577889399211,0.735187807022292,0.9383201134014579,1.6945250389835969,0.9111125298697091,70,21,-0.12072274744766805,-5.026872303080659e-10,2.8375390036521506e-6,44.73960756167463,513,SEI
